2017-01-01,9:30,16.0,104.4,11.9,1.3,NW
2017-01-01,12:30,17.4,90.3,6.8,1.3,SW
2017-01-01,18:30,18.6,96.1,2.3,0,Calm
2017-01-02,9:30,15.8,102.8,15.4,0,Calm
2017-01-02,12:30,15.3,105.3,13.9,1.2,SE
2017-01-02,18:30,14.4,102.8,15.0,0.3,Calm
2017-01-03,9:30,13.8,107.1,26.2,0.1,NW
2017-01-03,12:30,16.1,93.6,31.5,2.4,N
2017-01-03,18:30,14.8,101.4,40.4,0,Calm
2017-01-04,9:30,19.2,98.9,20.5,0.3,Calm
2017-01-04,12:30,21.7,85.1,17.7,2.3,N
2017-01-04,18:30,22.3,91.1,17.2,0.4,Calm
2017-01-05,9:30,22.0,95.1,4.2,2.4,S
2017-01-05,12:30,22.2,74.3,0.1,2.9,W
2017-01-05,18:30,22.2,93.9,2.7,0.6,W
2017-01-06,9:30,21.2,101.6,0,0,Calm
2017-01-06,12:30,21.2,85.8,3.3,2.1,SW
2017-01-06,18:30,21.1,91.7,0,0,Calm
2017-01-07,9:30,20.7,99.3,0.0,0.5,N
2017-01-07,12:30,21.6,81.1,1.8,1.8,S
2017-01-07,18:30,21.4,82.4,0.5,0.5,N
2017-01-08,9:30,21.2,100.7,4.2,0.3,NW
2017-01-08,12:30,21.5,76.7,0.7,2.5,S
2017-01-08,18:30,22.2,83.7,0,0,Calm
2017-01-09,9:30,22.0,97.4,0.9,0.4,N
2017-01-09,12:30,21.9,67.5,0.2,3.0,SE
2017-01-09,18:30,22.0,82.7,1.2,0.0,Calm
2017-01-10,9:30,22.4,96.1,0.0,0.8,NW
2017-01-10,12:30,21.2,65.5,1.0,4.5,SW
2017-01-10,18:30,21.9,79.4,0,0.2,Calm
2017-01-11,9:30,21.8,95.7,2.1,1.6,SW
2017-01-11,12:30,20.5,67.3,0,4.9,SW
2017-01-11,18:30,21.4,82.7,0,0.2,N
2017-01-12,9:30,21.4,94.6,0,0.9,NW
2017-01-12,12:30,21.7,62.2,0,4.5,SW
2017-01-12,18:30,22.2,82.7,0,0,Calm
2017-01-13,9:30,22.6,91.2,0,1.7,SW
2017-01-13,12:30,21.0,54.8,0.4,4.9,S
2017-01-13,18:30,21.4,82.6,0,0.4,N
2017-01-14,9:30,21.8,94.7,0,0.9,W
2017-01-14,12:30,21.7,57.7,0,5.6,SW
2017-01-14,18:30,22.0,85.8,0,0.5,N
2017-01-15,9:30,22.4,91.0,0,1.6,SW
2017-01-15,12:30,22.2,61.8,0,4.3,SW
2017-01-15,18:30,21.9,82.3,0,0,Calm
2017-01-16,9:30,22.5,88.6,0,1.5,S
2017-01-16,12:30,20.2,59.4,0.2,3.3,S
2017-01-16,18:30,19.9,87.9,0,0,Calm
2017-01-17,9:30,20.3,92.7,2.1,0.3,NW
2017-01-17,12:30,19.6,71.1,1.2,2.6,S
2017-01-17,18:30,19.5,84.0,0.3,0,Calm
2017-01-18,9:30,20.1,95.2,2.1,0.1,N
2017-01-18,12:30,21.5,61.4,0.5,3.4,S
2017-01-18,18:30,21.8,77.4,0.3,0,Calm
2017-01-19,9:30,21.4,97.6,0,0,Calm
2017-01-19,12:30,22.7,55.1,-0.0,3.0,SE
2017-01-19,18:30,22.2,77.2,1.5,0,Calm
2017-01-20,9:30,21.8,99.3,0.5,0,Calm
2017-01-20,12:30,23.4,61.0,0.0,4.1,S
2017-01-20,18:30,23.0,77.8,1.1,0,Calm
2017-01-21,9:30,22.7,91.3,0,1.3,SW
2017-01-21,12:30,23.5,55.9,0,3.5,SW
2017-01-21,18:30,23.0,76.7,1.0,0,Calm
2017-01-22,9:30,22.9,91.7,0.5,0.9,W
2017-01-22,12:30,22.6,61.1,0.7,2.8,S
2017-01-22,18:30,23.0,71.8,1.1,0,Calm
2017-01-23,9:30,22.5,94.2,0,0.2,N
2017-01-23,12:30,22.8,50.6,0,3.9,S
2017-01-23,18:30,23.1,72.2,0,0,Calm
2017-01-24,9:30,21.8,95.8,0,0,Calm
2017-01-24,12:30,23.0,53.6,0.1,3.3,S
2017-01-24,18:30,23.2,72.3,0.6,0,Calm
2017-01-25,9:30,22.2,93.7,0,0,Calm
2017-01-25,12:30,23.1,56.4,0,3.7,SW
2017-01-25,18:30,22.6,68.4,1.0,0.3,Calm
2017-01-26,9:30,22.4,91.2,0,0.6,NW
2017-01-26,12:30,23.0,53.0,0.9,4.4,S
2017-01-26,18:30,23.1,67.6,0,0.2,Calm
2017-01-27,9:30,23.1,89.1,0,0.4,NW
2017-01-27,12:30,23.6,55.8,0,4.2,W
2017-01-27,18:30,23.5,66.7,0,0.3,Calm
2017-01-28,9:30,23.1,85.2,0,1.0,NW
2017-01-28,12:30,22.2,57.5,0.2,4.0,S
2017-01-28,18:30,22.0,68.3,0,0,Calm
2017-01-29,9:30,22.3,84.7,0,0.7,NW
2017-01-29,12:30,22.5,52.5,0,3.8,SW
2017-01-29,18:30,22.1,72.7,0,0,Calm
2017-01-30,9:30,22.6,83.3,0,0.5,NW
2017-01-30,12:30,22.7,54.7,0,3.7,SW
2017-01-30,18:30,21.5,69.9,0.3,0.0,Calm
2017-01-31,9:30,22.4,76.5,0,1.8,S
2017-01-31,12:30,21.3,48.1,1.6,4.8,S
2017-01-31,18:30,21.0,68.5,1.6,0.1,Calm
2017-02-01,9:30,22.4,77.4,0,1.1,S
2017-02-01,12:30,21.4,51.7,0,5.2,W
2017-02-01,18:30,20.8,73.5,0.9,0.1,N
2017-02-02,9:30,22.4,80.0,0,1.8,S
2017-02-02,12:30,22.4,48.9,0.3,4.4,SW
2017-02-02,18:30,22.6,74.1,0,0.5,N
2017-02-03,9:30,22.9,82.3,0,1.3,SW
2017-02-03,12:30,22.5,58.2,0.2,5.3,SW
2017-02-03,18:30,23.0,76.9,0.0,1.3,W
2017-02-04,9:30,23.9,79.8,0,2.0,SW
2017-02-04,12:30,23.4,56.7,0,5.9,SW
2017-02-04,18:30,23.5,72.9,0,0.6,Calm
2017-02-05,9:30,23.5,80.3,0,2.0,SW
2017-02-05,12:30,24.0,58.8,0,4.2,SW
2017-02-05,18:30,23.3,70.4,1.4,0,Calm
2017-02-06,9:30,24.0,78.6,0,1.6,S
2017-02-06,12:30,23.4,55.6,0,3.7,S
2017-02-06,18:30,22.9,76.2,1.3,0.4,N
2017-02-07,9:30,23.5,83.9,0,1.8,SW
2017-02-07,12:30,24.0,59.6,0,4.8,SW
2017-02-07,18:30,23.9,71.5,0,0.9,N
2017-02-08,9:30,24.4,78.0,0,2.5,S
2017-02-08,12:30,24.3,58.7,0,5.0,SW
2017-02-08,18:30,23.5,72.5,0,0.0,Calm
2017-02-09,9:30,24.4,76.7,0,2.1,SW
2017-02-09,12:30,22.5,61.3,0,3.6,W
2017-02-09,18:30,22.4,76.9,0.2,0,Calm
2017-02-10,9:30,23.2,78.8,0,1.9,SW
2017-02-10,12:30,23.7,57.4,0,3.2,W
2017-02-10,18:30,23.7,75.2,0.5,0,Calm
2017-02-11,9:30,23.9,80.7,0,1.4,SW
2017-02-11,12:30,23.6,55.6,0,3.2,SW
2017-02-11,18:30,23.3,73.2,0.0,0,Calm
2017-02-12,9:30,23.2,82.0,0,0.9,NW
2017-02-12,12:30,25.4,50.3,0,3.4,W
2017-02-12,18:30,25.0,69.4,0,0.1,Calm
2017-02-13,9:30,25.3,73.1,0,1.2,W
2017-02-13,12:30,26.0,57.8,0,2.5,W
2017-02-13,18:30,25.6,67.4,0.5,0.2,Calm
2017-02-14,9:30,26.0,72.6,0,1.7,W
2017-02-14,12:30,26.0,55.7,0,2.9,W
2017-02-14,18:30,26.0,68.4,0,0.0,Calm
2017-02-15,9:30,25.9,76.7,0,1.4,W
2017-02-15,12:30,24.4,55.8,0,3.7,W
2017-02-15,18:30,23.9,67.7,0,0.1,Calm
2017-02-16,9:30,24.8,67.1,0,1.9,W
2017-02-16,12:30,26.2,46.1,0,4.9,W
2017-02-16,18:30,26.1,57.5,0,1.1,N
2017-02-17,9:30,26.6,60.1,0,2.2,SW
2017-02-17,12:30,26.1,53.2,0.1,3.1,SW
2017-02-17,18:30,25.8,55.8,0.1,1.2,NW
2017-02-18,9:30,25.9,68.2,0,0.7,W
2017-02-18,12:30,26.2,53.5,0,3.2,W
2017-02-18,18:30,25.9,59.9,0,0.9,N
2017-02-19,9:30,25.9,72.7,0,2.3,S
2017-02-19,12:30,26.4,46.9,0,5.0,SW
2017-02-19,18:30,26.3,63.4,0.2,0.2,Calm
2017-02-20,9:30,25.9,75.9,0,0.9,W
2017-02-20,12:30,26.7,52.6,0,3.6,W
2017-02-20,18:30,26.7,63.3,0.1,0.7,N
2017-02-21,9:30,26.3,75.7,0,1.2,W
2017-02-21,12:30,27.5,46.9,0,3.7,SW
2017-02-21,18:30,26.5,63.3,1.3,0.4,Calm
2017-02-22,9:30,26.5,72.6,0,1.4,W
2017-02-22,12:30,26.2,50.6,0,3.8,SW
2017-02-22,18:30,26.0,59.8,0.7,0.2,Calm
2017-02-23,9:30,26.1,72.2,0,1.1,W
2017-02-23,12:30,26.9,46.5,0,3.8,W
2017-02-23,18:30,27.1,57.3,1.4,0.5,Calm
2017-02-24,9:30,26.4,68.7,0,1.6,SW
2017-02-24,12:30,27.0,43.3,0,5.1,SW
2017-02-24,18:30,26.9,62.4,0.8,0.6,N
2017-02-25,9:30,26.2,69.6,0.9,1.3,S
2017-02-25,12:30,27.5,45.2,0.4,4.9,SW
2017-02-25,18:30,26.8,66.7,0,0.5,N
2017-02-26,9:30,26.9,71.2,0,2.4,S
2017-02-26,12:30,29.0,45.7,0.1,3.9,SW
2017-02-26,18:30,28.6,60.1,0,0.9,N
2017-02-27,9:30,27.6,68.0,2.4,2.3,S
2017-02-27,12:30,26.0,56.7,0,2.5,W
2017-02-27,18:30,25.1,65.4,0,0.2,Calm
2017-02-28,9:30,26.0,65.2,0,1.7,SW
2017-02-28,12:30,27.3,53.0,0,3.3,W
2017-02-28,18:30,26.4,64.4,0.8,0.4,Calm
2017-03-01,9:30,27.5,65.4,0,2.6,S
2017-03-01,12:30,27.7,47.8,0,4.1,SW
2017-03-01,18:30,27.1,65.7,0,0.2,N
2017-03-02,9:30,26.9,68.9,0,1.7,S
2017-03-02,12:30,28.0,51.2,0,4.1,W
2017-03-02,18:30,27.8,65.6,0,0.6,N
2017-03-03,9:30,28.2,69.1,0,3.0,S
2017-03-03,12:30,27.7,51.8,0,6.2,SW
2017-03-03,18:30,27.5,63.8,0,0.2,Calm
2017-03-04,9:30,27.1,67.4,1.9,2.7,S
2017-03-04,12:30,28.2,50.5,0,5.0,W
2017-03-04,18:30,28.2,66.5,0,0,Calm
2017-03-05,9:30,28.9,58.5,0,2.9,SW
2017-03-05,12:30,29.7,45.8,0,4.2,W
2017-03-05,18:30,29.5,65.2,0.1,0.1,Calm
2017-03-06,9:30,29.9,60.6,0,2.5,SW
2017-03-06,12:30,29.8,48.4,0,4.9,W
2017-03-06,18:30,29.5,63.5,0,0.3,Calm
2017-03-07,9:30,29.0,63.0,0,2.5,SW
2017-03-07,12:30,27.6,53.5,0,3.3,W
2017-03-07,18:30,26.9,66.3,0,0,Calm
2017-03-08,9:30,27.5,57.6,0,2.3,SW
2017-03-08,12:30,28.6,46.1,0.2,4.5,SW
2017-03-08,18:30,28.2,63.0,0,0.6,N
2017-03-09,9:30,28.3,62.8,0,2.7,S
2017-03-09,12:30,28.4,48.1,1.8,4.1,S
2017-03-09,18:30,29.2,56.4,0,1.1,NW
2017-03-10,9:30,28.0,65.4,0,2.2,S
2017-03-10,12:30,28.6,50.7,0.9,6.7,SW
2017-03-10,18:30,28.4,56.6,0,0.9,N
2017-03-11,9:30,28.8,63.5,0,4.1,S
2017-03-11,12:30,28.3,50.6,-0.0,6.3,SW
2017-03-11,18:30,27.7,58.0,0,1.3,NW
2017-03-12,9:30,28.2,62.9,0.9,2.8,SW
2017-03-12,12:30,26.6,59.3,0,3.5,SW
2017-03-12,18:30,26.4,60.7,0,1.1,NW
2017-03-13,9:30,26.1,70.2,0,1.8,W
2017-03-13,12:30,26.6,57.8,0,2.9,W
2017-03-13,18:30,26.9,60.7,0,0.9,N
2017-03-14,9:30,26.9,62.6,0,2.5,W
2017-03-14,12:30,26.5,53.3,0,3.8,W
2017-03-14,18:30,25.7,63.9,0.1,0.1,Calm
2017-03-15,9:30,26.8,61.9,0,2.5,SW
2017-03-15,12:30,27.8,46.5,0,4.0,SW
2017-03-15,18:30,27.4,59.2,0,0.4,Calm
2017-03-16,9:30,27.6,59.1,0,2.4,SW
2017-03-16,12:30,28.3,50.8,0,2.9,W
2017-03-16,18:30,27.9,61.2,0.3,0.6,N
2017-03-17,9:30,28.5,60.6,0,2.8,SW
2017-03-17,12:30,25.4,58.9,0,3.8,SW
2017-03-17,18:30,24.7,67.6,0,0.1,Calm
2017-03-18,9:30,26.0,68.3,0,1.8,SW
2017-03-18,12:30,27.0,52.9,0,4.1,W
2017-03-18,18:30,27.1,64.3,0,0.5,Calm
2017-03-19,9:30,27.7,63.1,0,2.5,SW
2017-03-19,12:30,27.5,49.7,0,4.2,NW
2017-03-19,18:30,27.3,56.0,0,0.6,N
2017-03-20,9:30,28.3,53.4,0,3.8,SW
2017-03-20,12:30,29.6,45.5,0,3.2,W
2017-03-20,18:30,29.8,54.6,0,1.0,N
2017-03-21,9:30,30.0,51.7,0,1.8,W
2017-03-21,12:30,30.0,45.1,0,3.6,W
2017-03-21,18:30,29.6,51.8,1.0,1.0,N
2017-03-22,9:30,29.4,59.3,0,2.6,SW
2017-03-22,12:30,30.0,45.7,0,4.6,W
2017-03-22,18:30,29.7,59.4,0,0.5,N
2017-03-23,9:30,30.0,57.2,0.6,3.3,SW
2017-03-23,12:30,30.3,52.3,-0.0,6.2,S
2017-03-23,18:30,30.0,62.1,0,0.1,Calm
2017-03-24,9:30,29.9,59.8,1.8,3.3,SW
2017-03-24,12:30,29.7,53.7,0,5.7,W
2017-03-24,18:30,30.0,63.6,0,0,Calm
2017-03-25,9:30,29.4,64.3,1.8,2.6,SW
2017-03-25,12:30,29.6,50.1,0,4.0,W
2017-03-25,18:30,29.6,62.1,0.0,0.1,Calm
2017-03-26,9:30,29.6,64.1,0,2.3,SW
2017-03-26,12:30,30.4,50.7,0,5.3,SW
2017-03-26,18:30,30.0,65.7,0,0.2,N
2017-03-27,9:30,29.2,62.8,0.3,2.9,SW
2017-03-27,12:30,28.4,56.0,0,5.4,W
2017-03-27,18:30,28.1,71.8,0,0.0,N
2017-03-28,9:30,28.2,69.3,3.8,2.9,SW
2017-03-28,12:30,27.3,53.8,0,4.6,SW
2017-03-28,18:30,27.4,68.4,0,-0.0,Calm
2017-03-29,9:30,28.3,59.8,0,2.7,SW
2017-03-29,12:30,28.7,49.6,0,3.6,SW
2017-03-29,18:30,28.2,65.4,0,0.5,N
2017-03-30,9:30,28.4,60.6,0.3,1.9,SW
2017-03-30,12:30,29.3,51.5,0.7,3.2,W
2017-03-30,18:30,29.1,64.7,-0.0,0.5,N
2017-03-31,9:30,29.7,66.8,0,2.8,SW
2017-03-31,12:30,30.0,55.3,0,3.6,SW
2017-03-31,18:30,30.1,62.7,0,1.1,N
2017-04-01,9:30,29.7,67.0,0,1.9,W
2017-04-01,12:30,29.9,56.2,0,3.2,W
2017-04-01,18:30,30.3,56.5,0.1,1.9,NW
2017-04-02,9:30,30.1,65.3,0,1.7,W
2017-04-02,12:30,29.5,54.8,0,3.8,W
2017-04-02,18:30,29.0,61.6,0,1.0,N
2017-04-03,9:30,28.4,66.1,0.4,2.0,SW
2017-04-03,12:30,29.3,53.9,0,4.3,W
2017-04-03,18:30,29.3,66.4,0,0.2,Calm
2017-04-04,9:30,29.2,66.7,0.0,2.3,SW
2017-04-04,12:30,28.9,58.5,0,3.2,SW
2017-04-04,18:30,28.8,69.9,0,0.2,Calm
2017-04-05,9:30,29.0,67.6,0,2.5,SW
2017-04-05,12:30,30.1,56.1,0,4.8,SW
2017-04-05,18:30,29.8,67.0,0,0.5,N
2017-04-06,9:30,29.6,64.1,0.8,3.1,SW
2017-04-06,12:30,29.2,57.4,0,4.5,W
2017-04-06,18:30,29.5,66.5,0,0.1,Calm
2017-04-07,9:30,28.9,67.1,2.3,2.5,SW
2017-04-07,12:30,29.0,54.1,0,4.6,SW
2017-04-07,18:30,28.8,67.4,0,0.3,N
2017-04-08,9:30,26.9,73.4,3.3,1.9,SW
2017-04-08,12:30,22.6,73.9,0,3.1,SW
2017-04-08,18:30,21.9,81.6,0,0.5,N
2017-04-09,9:30,22.7,87.2,3.1,1.5,W
2017-04-09,12:30,25.6,63.2,0,3.9,W
2017-04-09,18:30,25.7,82.2,0,0.4,N
2017-04-10,9:30,26.2,72.3,0,2.6,S
2017-04-10,12:30,29.6,54.1,0,3.7,W
2017-04-10,18:30,29.1,74.7,0,0.5,N
2017-04-11,9:30,29.5,65.2,0,3.1,SW
2017-04-11,12:30,29.8,60.5,0,4.7,SW
2017-04-11,18:30,29.7,65.3,0.7,0.5,N
2017-04-12,9:30,30.3,63.4,0,3.1,SW
2017-04-12,12:30,30.7,56.5,0,4.1,W
2017-04-12,18:30,31.4,63.7,0,1.1,N
2017-04-13,9:30,30.4,64.3,0,2.8,SW
2017-04-13,12:30,31.1,56.2,0,3.3,W
2017-04-13,18:30,31.1,68.8,0,0.3,N
2017-04-14,9:30,30.5,64.3,0.7,2.6,SW
2017-04-14,12:30,31.6,52.9,0,5.4,SW
2017-04-14,18:30,31.1,68.6,0,0.4,Calm
2017-04-15,9:30,29.9,66.8,1.8,2.7,SW
2017-04-15,12:30,31.3,56.3,0,4.6,W
2017-04-15,18:30,30.9,67.3,0,0.4,N
2017-04-16,9:30,30.7,61.2,2.7,3.6,SW
2017-04-16,12:30,30.6,56.6,0,4.2,W
2017-04-16,18:30,31.2,71.8,0,0,Calm
2017-04-17,9:30,30.6,66.1,0.8,2.5,SW
2017-04-17,12:30,28.5,62.4,0.8,3.0,SW
2017-04-17,18:30,29.0,75.0,0,0.0,Calm
2017-04-18,9:30,28.9,78.7,0.9,1.4,W
2017-04-18,12:30,28.5,64.6,1.3,3.0,SW
2017-04-18,18:30,28.6,73.1,0.1,0.7,N
2017-04-19,9:30,27.8,79.6,1.6,1.5,W
2017-04-19,12:30,25.7,75.3,1.8,7.2,SW
2017-04-19,18:30,26.1,75.0,3.9,1.9,W
2017-04-20,9:30,27.5,75.5,4.4,3.8,SW
2017-04-20,12:30,28.6,60.9,0,4.6,SW
2017-04-20,18:30,29.2,72.5,0,0.4,N
2017-04-21,9:30,29.3,65.8,0.6,2.7,W
2017-04-21,12:30,31.3,59.0,0,5.1,SW
2017-04-21,18:30,31.5,68.3,0.5,0.3,Calm
2017-04-22,9:30,30.7,64.7,1.7,3.1,SW
2017-04-22,12:30,30.9,56.9,0,5.2,SW
2017-04-22,18:30,30.8,73.5,0,0,Calm
2017-04-23,9:30,30.6,68.7,1.5,3.1,SW
2017-04-23,12:30,31.2,57.3,-0.0,5.1,S
2017-04-23,18:30,30.9,66.8,0,1.2,N
2017-04-24,9:30,30.5,68.5,1.1,2.5,SW
2017-04-24,12:30,29.9,64.2,1.1,3.8,SW
2017-04-24,18:30,30.7,63.7,0.0,1.1,N
2017-04-25,9:30,30.1,71.9,1.5,2.9,SW
2017-04-25,12:30,29.9,65.8,0,5.6,SW
2017-04-25,18:30,29.9,69.9,0,0.6,N
2017-04-26,9:30,30.0,70.8,0,3.5,SW
2017-04-26,12:30,30.5,61.4,0,5.6,SW
2017-04-26,18:30,30.7,74.4,0,-0.0,Calm
2017-04-27,9:30,27.4,79.1,9.7,2.2,SW
2017-04-27,12:30,27.2,66.4,26.6,3.3,SW
2017-04-27,18:30,28.2,76.9,27.1,0,Calm
2017-04-28,9:30,28.3,73.9,0.8,3.1,S
2017-04-28,12:30,27.0,68.2,5.4,3.5,SW
2017-04-28,18:30,27.9,86.2,7.0,0,Calm
2017-04-29,9:30,27.4,83.6,10.4,1.1,NW
2017-04-29,12:30,26.8,73.7,15.8,2.1,NW
2017-04-29,18:30,27.1,79.3,15.7,0,Calm
2017-04-30,9:30,27.6,78.4,4.0,2.4,W
2017-04-30,12:30,26.7,71.7,9.0,3.8,W
2017-04-30,18:30,27.4,77.2,10.3,0.1,Calm
2017-05-01,9:30,27.4,84.1,7.3,1.8,W
2017-05-01,12:30,28.6,64.4,0,4.1,W
2017-05-01,18:30,28.2,80.7,0,0.0,N
2017-05-02,9:30,27.5,80.8,3.4,2.0,SW
2017-05-02,12:30,28.0,71.3,0,3.2,SW
2017-05-02,18:30,28.1,82.5,0,0.2,N
2017-05-03,9:30,27.4,76.6,2.8,2.2,SW
2017-05-03,12:30,24.8,77.1,1.1,3.0,SW
2017-05-03,18:30,24.9,87.5,4.8,0.4,N
2017-05-04,9:30,25.3,82.8,2.2,1.8,S
2017-05-04,12:30,26.3,69.8,0,2.6,W
2017-05-04,18:30,26.4,83.1,0,0.2,N
2017-05-05,9:30,26.2,82.4,1.6,1.7,SW
2017-05-05,12:30,27.6,68.9,9.2,4.9,S
2017-05-05,18:30,28.0,77.9,12.0,0.5,Calm
2017-05-06,9:30,27.7,77.7,1.2,2.9,SW
2017-05-06,12:30,27.0,68.2,0,3.1,NW
2017-05-06,18:30,27.3,81.2,0,0.2,Calm
2017-05-07,9:30,25.7,86.3,4.0,1.9,W
2017-05-07,12:30,26.7,69.0,-0.0,3.1,W
2017-05-07,18:30,26.9,85.9,0,0,Calm
2017-05-08,9:30,26.3,77.0,1.4,2.1,SW
2017-05-08,12:30,29.4,56.3,0,5.0,SW
2017-05-08,18:30,28.8,85.3,0,0.2,N
2017-05-09,9:30,28.1,68.2,4.4,2.9,SW
2017-05-09,12:30,29.2,62.7,0,5.3,SW
2017-05-09,18:30,28.9,82.6,0,0.1,N
2017-05-10,9:30,28.3,71.2,6.0,2.7,SW
2017-05-10,12:30,28.9,66.0,17.4,2.5,W
2017-05-10,18:30,28.7,86.9,22.0,0.1,Calm
2017-05-11,9:30,28.5,73.5,4.4,2.6,SW
2017-05-11,12:30,29.5,65.0,0.4,2.8,W
2017-05-11,18:30,28.7,89.3,0,0,Calm
2017-05-12,9:30,27.3,80.9,5.9,0.9,W
2017-05-12,12:30,25.8,78.6,3.3,1.5,W
2017-05-12,18:30,25.4,93.8,4.1,0,Calm
2017-05-13,9:30,25.5,81.0,3.3,1.5,SW
2017-05-13,12:30,26.5,65.9,0.4,2.1,W
2017-05-13,18:30,26.6,92.5,0,0,Calm
2017-05-14,9:30,25.3,80.5,1.3,1.3,SW
2017-05-14,12:30,27.0,59.0,0,3.4,SW
2017-05-14,18:30,26.2,91.6,0,0,Calm
2017-05-15,9:30,26.4,75.4,2.0,1.8,S
2017-05-15,12:30,28.4,56.8,0,3.4,W
2017-05-15,18:30,27.7,85.3,0,-0.0,N
2017-05-16,9:30,28.1,69.8,1.2,2.9,SW
2017-05-16,12:30,28.1,62.5,0,3.6,SW
2017-05-16,18:30,28.0,80.1,0,0.7,NW
2017-05-17,9:30,28.1,66.3,2.6,2.2,S
2017-05-17,12:30,28.6,60.9,0,4.1,SW
2017-05-17,18:30,27.9,81.8,0,0.5,N
2017-05-18,9:30,27.5,73.4,3.5,2.8,SW
2017-05-18,12:30,27.7,64.0,0,5.1,S
2017-05-18,18:30,27.4,79.4,0,1.0,N
2017-05-19,9:30,27.7,71.6,2.7,2.7,SW
2017-05-19,12:30,27.3,70.1,3.8,4.2,SW
2017-05-19,18:30,28.1,81.0,6.3,0.4,N
2017-05-20,9:30,27.9,77.5,4.5,2.6,SW
2017-05-20,12:30,28.4,62.2,0,5.0,SW
2017-05-20,18:30,27.9,82.0,0,0.1,N
2017-05-21,9:30,27.8,78.2,4.0,3.4,SW
2017-05-21,12:30,28.5,68.9,0,4.1,S
2017-05-21,18:30,28.1,83.7,0.8,1.0,NW
2017-05-22,9:30,28.1,74.4,2.0,2.8,SW
2017-05-22,12:30,27.4,74.3,1.7,2.0,W
2017-05-22,18:30,27.7,80.5,3.3,1.4,NW
2017-05-23,9:30,27.0,81.7,2.7,1.7,W
2017-05-23,12:30,28.3,75.0,7.4,2.2,W
2017-05-23,18:30,28.8,83.1,9.8,1.1,NW
2017-05-24,9:30,27.9,77.8,3.9,2.5,SW
2017-05-24,12:30,28.0,68.1,0,4.8,SW
2017-05-24,18:30,27.9,90.8,0,0.4,N
2017-05-25,9:30,27.1,80.6,8.1,2.6,S
2017-05-25,12:30,27.1,70.9,47.5,5.8,S
2017-05-25,18:30,27.1,81.4,46.9,0.9,W
2017-05-26,9:30,27.1,84.5,7.2,3.3,S
2017-05-26,12:30,27.8,71.4,13.5,2.7,S
2017-05-26,18:30,28.8,89.5,12.2,0,Calm
2017-05-27,9:30,27.6,82.7,4.2,2.0,SW
2017-05-27,12:30,27.9,72.5,0,2.4,W
2017-05-27,18:30,27.8,87.6,0,0.0,NW
2017-05-28,9:30,28.1,79.8,5.9,2.4,SW
2017-05-28,12:30,27.8,74.4,0,2.3,S
2017-05-28,18:30,27.0,87.5,0,0,N
2017-05-29,9:30,26.5,80.2,3.3,2.2,SW
2017-05-29,12:30,22.1,100.0,47.1,1.9,SE
2017-05-29,18:30,22.1,85.8,47.7,0,Calm
2017-05-30,9:30,21.3,97.8,20.1,1.5,S
2017-05-30,12:30,20.5,95.7,28.6,4.6,SE
2017-05-30,18:30,20.8,87.3,34.8,3.0,S
2017-05-31,9:30,24.1,82.2,32.9,1.7,SW
2017-05-31,12:30,27.3,77.4,40.2,2.0,W
2017-05-31,18:30,27.0,81.0,14.0,1.9,SW
2017-06-01,9:30,26.7,76.7,0,2.7,SW
2017-06-01,12:30,25.9,79.0,0,0.3,Calm
2017-06-01,18:30,25.6,85.1,17.9,0,Calm
2017-06-02,9:30,24.8,90.4,45.1,1.2,S
2017-06-02,12:30,25.0,81.1,39.4,0,Calm
2017-06-02,18:30,24.6,93.5,11.3,2.3,S
2017-06-03,9:30,24.3,82.3,8.3,2.6,E
2017-06-03,12:30,25.1,82.0,8.5,1.4,SW
2017-06-03,18:30,25.4,88.7,9.2,-0.0,NW
2017-06-04,9:30,26.3,79.8,0,2.3,S
2017-06-04,12:30,27.0,83.4,0,0,Calm
2017-06-04,18:30,26.3,85.1,2.6,1.2,NW
2017-06-05,9:30,26.8,76.7,2.4,2.3,SW
2017-06-05,12:30,27.0,81.2,0.9,1.1,NW
2017-06-05,18:30,26.8,84.2,1.9,1.5,SW
2017-06-06,9:30,25.4,83.9,35.6,2.9,SW
2017-06-06,12:30,25.4,82.9,44.6,0,Calm
2017-06-06,18:30,25.1,91.5,13.9,1.8,W
2017-06-07,9:30,24.9,80.7,11.2,3.6,SW
2017-06-07,12:30,25.7,87.7,7.9,1.1,W
2017-06-07,18:30,25.4,91.2,9.8,1.0,W
2017-06-08,9:30,26.0,80.0,22.8,2.9,SW
2017-06-08,12:30,26.4,85.8,21.8,0.6,NW
2017-06-08,18:30,26.5,89.9,8.3,2.1,W
2017-06-09,9:30,27.1,75.0,0.3,2.6,SW
2017-06-09,12:30,27.4,83.1,0.4,0.4,W
2017-06-09,18:30,25.7,92.8,6.3,0,N
2017-06-10,9:30,22.7,93.5,16.6,1.4,SW
2017-06-10,12:30,22.0,93.4,13.9,1.4,N
2017-06-10,18:30,21.8,92.3,15.7,1.7,W
2017-06-11,9:30,22.6,89.4,18.7,3.6,SW
2017-06-11,12:30,21.5,83.8,25.2,4.8,SW
2017-06-11,18:30,22.3,91.7,16.9,2.4,W
2017-06-12,9:30,23.0,89.7,13.6,4.6,SW
2017-06-12,12:30,23.0,85.6,12.7,4.5,S
2017-06-12,18:30,23.5,92.0,13.1,4.1,SW
2017-06-13,9:30,22.6,83.8,18.2,6.4,SE
2017-06-13,12:30,23.1,91.0,17.6,3.5,SE
2017-06-13,18:30,24.1,88.5,13.1,4.2,S
2017-06-14,9:30,23.9,82.5,28.0,4.6,S
2017-06-14,12:30,23.8,85.0,29.2,2.8,SW
2017-06-14,18:30,24.8,88.5,6.5,2.3,W
2017-06-15,9:30,25.4,74.9,0,2.5,SW
2017-06-15,12:30,24.4,85.7,0,0.3,NW
2017-06-15,18:30,24.2,91.9,0.8,0,Calm
2017-06-16,9:30,27.1,72.9,0.9,2.5,SW
2017-06-16,12:30,26.8,85.9,0,0,Calm
2017-06-16,18:30,27.1,84.6,0,1.5,W
2017-06-17,9:30,27.1,70.6,0,3.1,SW
2017-06-17,12:30,26.8,82.3,0,0.4,N
2017-06-17,18:30,26.2,83.5,3.0,1.6,SW
2017-06-18,9:30,27.6,69.0,0,2.6,SW
2017-06-18,12:30,27.9,84.8,0,0.1,N
2017-06-18,18:30,27.6,79.1,0.6,2.0,SW
2017-06-19,9:30,26.7,74.3,0.0,3.0,SW
2017-06-19,12:30,26.3,83.2,2.1,1.3,W
2017-06-19,18:30,26.6,81.8,3.2,2.2,W
2017-06-20,9:30,27.7,75.4,0,2.2,W
2017-06-20,12:30,28.0,79.6,0,1.0,NW
2017-06-20,18:30,27.0,79.8,0.3,1.9,SW
2017-06-21,9:30,26.2,76.6,0,2.5,W
2017-06-21,12:30,26.1,80.8,0,1.6,W
2017-06-21,18:30,26.7,77.7,1.1,2.5,SW
2017-06-22,9:30,24.9,76.9,0,3.5,SW
2017-06-22,12:30,24.3,84.8,0,1.7,NW
2017-06-22,18:30,24.7,84.1,3.3,2.2,SW
2017-06-23,9:30,24.8,77.8,0,3.5,SW
2017-06-23,12:30,25.2,84.3,0.5,1.0,NW
2017-06-23,18:30,25.5,83.3,0,2.4,SW
2017-06-24,9:30,25.4,76.3,0,3.2,W
2017-06-24,12:30,25.3,84.1,0,2.5,W
2017-06-24,18:30,25.3,82.2,0.4,3.0,SW
2017-06-25,9:30,25.0,82.2,0,2.8,SW
2017-06-25,12:30,25.3,83.6,0,1.8,W
2017-06-25,18:30,25.3,82.2,0,2.1,W
2017-06-26,9:30,24.7,80.8,0,2.8,SW
2017-06-26,12:30,24.4,84.5,0,2.4,W
2017-06-26,18:30,24.6,88.2,3.2,1.9,SW
2017-06-27,9:30,25.4,78.1,3.4,3.4,SW
2017-06-27,12:30,25.8,87.1,4.3,1.1,NW
2017-06-27,18:30,26.1,83.8,2.0,2.3,SW
2017-06-28,9:30,24.7,81.9,0.8,1.8,W
2017-06-28,12:30,25.2,86.9,2.3,1.1,NW
2017-06-28,18:30,24.4,91.1,5.4,1.1,W
2017-06-29,9:30,25.2,83.8,1.1,1.6,W
2017-06-29,12:30,25.4,87.9,0,0.6,N
2017-06-29,18:30,25.7,86.9,2.0,1.9,W
2017-06-30,9:30,23.1,84.5,1.7,3.7,SW
2017-06-30,12:30,23.3,91.0,4.6,1.7,W
2017-06-30,18:30,23.9,90.1,3.3,2.4,W
2017-07-01,9:30,24.6,77.7,0,3.8,SW
2017-07-01,12:30,25.2,82.5,0,1.5,W
2017-07-01,18:30,24.9,88.1,0.2,2.0,W
2017-07-02,9:30,25.1,75.9,0,3.4,SW
2017-07-02,12:30,25.1,81.9,0,1.3,NW
2017-07-02,18:30,25.2,83.4,0.5,2.2,W
2017-07-03,9:30,25.5,73.2,0,5.3,S
2017-07-03,12:30,25.5,81.9,0.5,2.6,W
2017-07-03,18:30,25.8,80.3,2.3,4.6,S
2017-07-04,9:30,25.6,72.9,0,4.8,S
2017-07-04,12:30,25.6,79.9,0.2,2.4,SW
2017-07-04,18:30,25.6,81.3,0,2.1,W
2017-07-05,9:30,27.0,75.9,2.2,1.7,W
2017-07-05,12:30,27.9,76.8,0,2.0,W
2017-07-05,18:30,27.1,80.9,0,1.6,W
2017-07-06,9:30,27.3,75.4,0,2.8,SW
2017-07-06,12:30,26.6,80.2,0,1.8,W
2017-07-06,18:30,26.7,81.7,1.1,2.5,SW
2017-07-07,9:30,26.2,76.0,0,2.7,W
2017-07-07,12:30,26.0,81.8,0,1.0,NW
2017-07-07,18:30,26.1,79.2,1.3,2.3,SW
2017-07-08,9:30,25.1,76.7,0,2.6,SW
2017-07-08,12:30,25.2,83.2,0,1.1,NW
2017-07-08,18:30,25.2,81.5,0.0,1.6,W
2017-07-09,9:30,24.6,81.6,0,1.7,W
2017-07-09,12:30,24.7,84.3,0,1.2,NW
2017-07-09,18:30,24.8,84.3,1.8,1.4,W
2017-07-10,9:30,25.6,80.9,0,1.5,W
2017-07-10,12:30,26.0,84.4,0,0.7,N
2017-07-10,18:30,25.7,82.5,1.4,1.9,SW
2017-07-11,9:30,25.3,80.9,0,1.7,W
2017-07-11,12:30,25.7,87.8,0.1,0.2,Calm
2017-07-11,18:30,25.4,85.3,0.4,1.9,SW
2017-07-12,9:30,27.8,69.5,0,2.6,SW
2017-07-12,12:30,27.8,80.7,0,0.9,NW
2017-07-12,18:30,27.1,80.8,0,1.5,W
2017-07-13,9:30,26.1,76.1,0.0,2.0,W
2017-07-13,12:30,25.6,79.9,0,1.4,NW
2017-07-13,18:30,25.8,82.3,2.3,1.6,W
2017-07-14,9:30,26.4,77.1,2.7,2.1,W
2017-07-14,12:30,26.4,83.1,2.9,0.9,NW
2017-07-14,18:30,26.7,81.3,2.1,1.6,W
2017-07-15,9:30,26.8,78.6,0,1.4,W
2017-07-15,12:30,26.6,83.0,0,1.0,NW
2017-07-15,18:30,26.4,81.4,1.5,1.7,W
2017-07-16,9:30,26.7,77.4,0,2.0,SW
2017-07-16,12:30,26.4,81.5,0,1.1,NW
2017-07-16,18:30,26.7,76.8,0.2,2.3,SW
2017-07-17,9:30,26.4,77.0,0.0,2.1,W
2017-07-17,12:30,26.2,82.5,1.6,1.4,W
2017-07-17,18:30,26.6,81.0,1.7,1.7,W
2017-07-18,9:30,29.5,74.4,1.3,2.2,SW
2017-07-18,12:30,30.1,73.6,0.1,2.2,SW
2017-07-18,18:30,29.5,71.8,0.6,2.7,SW
2017-07-19,9:30,30.4,70.5,0.1,2.7,SW
2017-07-19,12:30,30.9,79.6,0,0.7,N
2017-07-19,18:30,28.9,76.2,3.7,2.3,S
2017-07-20,9:30,25.2,78.3,0,2.8,SW
2017-07-20,12:30,24.8,85.5,1.4,0.3,Calm
2017-07-20,18:30,25.1,86.2,6.4,1.7,SW
2017-07-21,9:30,24.5,79.7,9.9,2.9,W
2017-07-21,12:30,24.9,89.4,11.0,1.2,NW
2017-07-21,18:30,25.5,83.5,5.8,2.7,SW
2017-07-22,9:30,24.0,80.4,2.6,3.1,SW
2017-07-22,12:30,24.1,88.3,1.9,1.4,NW
2017-07-22,18:30,24.0,89.0,2.7,1.0,NW
2017-07-23,9:30,24.5,81.0,0,1.7,NW
2017-07-23,12:30,23.9,85.9,0,1.2,NW
2017-07-23,18:30,24.1,86.1,2.9,1.6,SW
2017-07-24,9:30,23.3,85.0,12.9,2.2,SW
2017-07-24,12:30,23.1,88.7,15.4,0.7,N
2017-07-24,18:30,24.5,85.6,5.2,2.5,SW
2017-07-25,9:30,23.3,81.4,9.3,2.9,W
2017-07-25,12:30,23.8,87.3,10.3,1.4,NW
2017-07-25,18:30,24.1,88.5,7.8,1.4,NW
2017-07-26,9:30,25.8,77.5,0,2.5,W
2017-07-26,12:30,25.6,84.0,0,1.1,NW
2017-07-26,18:30,25.5,87.7,2.4,1.2,NW
2017-07-27,9:30,25.7,79.5,0,2.6,W
2017-07-27,12:30,25.3,84.9,0,1.0,NW
2017-07-27,18:30,25.5,84.2,1.3,2.4,SW
2017-07-28,9:30,24.2,83.5,0,2.4,W
2017-07-28,12:30,24.6,86.8,0,0.9,NW
2017-07-28,18:30,24.7,85.6,0.1,1.9,W
2017-07-29,9:30,25.5,78.7,0.1,2.5,SW
2017-07-29,12:30,25.9,82.1,0,1.3,W
2017-07-29,18:30,25.8,87.5,0.5,1.3,W
2017-07-30,9:30,24.5,82.8,0,2.9,W
2017-07-30,12:30,24.6,85.2,0,1.1,NW
2017-07-30,18:30,24.5,89.3,3.3,1.9,SW
2017-07-31,9:30,22.9,86.6,3.5,2.4,W
2017-07-31,12:30,23.2,93.6,6.8,1.1,NW
2017-07-31,18:30,23.5,86.9,3.6,2.4,SW
2017-08-01,9:30,26.0,74.8,3.0,2.9,SW
2017-08-01,12:30,26.9,80.8,0,2.2,W
2017-08-01,18:30,26.2,82.2,0.2,1.8,W
2017-08-02,9:30,24.8,79.8,0,3.1,SW
2017-08-02,12:30,23.8,81.8,0,2.0,W
2017-08-02,18:30,24.4,83.9,1.7,1.8,W
2017-08-03,9:30,25.5,79.9,30.2,2.9,SW
2017-08-03,12:30,26.5,79.6,27.8,1.9,NW
2017-08-03,18:30,25.7,82.6,11.1,2.5,W
2017-08-04,9:30,25.8,76.2,1.0,2.5,W
2017-08-04,12:30,25.2,80.8,0.8,1.0,NW
2017-08-04,18:30,24.5,86.4,6.6,0,Calm
2017-08-05,9:30,25.7,81.0,1.9,1.2,W
2017-08-05,12:30,25.2,85.0,0,0.5,Calm
2017-08-05,18:30,25.4,84.8,3.1,1.2,W
2017-08-06,9:30,25.5,80.1,8.6,1.8,W
2017-08-06,12:30,25.3,84.9,11.2,0.5,Calm
2017-08-06,18:30,25.4,84.7,4.8,2.0,SW
2017-08-07,9:30,25.7,73.1,12.0,2.2,W
2017-08-07,12:30,25.6,89.9,14.3,0.2,Calm
2017-08-07,18:30,25.8,84.4,5.6,2.3,S
2017-08-08,9:30,26.2,71.8,3.9,2.9,W
2017-08-08,12:30,25.4,94.9,1.8,0,Calm
2017-08-08,18:30,26.2,84.6,6.2,1.6,SW
2017-08-09,9:30,23.8,90.4,0,1.2,SW
2017-08-09,12:30,23.6,98.7,0.1,0,Calm
2017-08-09,18:30,24.5,89.6,7.1,0.9,W
2017-08-10,9:30,24.3,94.8,12.7,0.9,W
2017-08-10,12:30,25.5,86.8,12.8,1.1,NW
2017-08-10,18:30,25.5,90.5,8.9,1.4,NW
2017-08-11,9:30,24.3,87.4,6.4,1.7,W
2017-08-11,12:30,24.4,87.6,4.5,1.3,NW
2017-08-11,18:30,24.2,87.2,6.9,2.1,W
2017-08-12,9:30,25.3,84.2,0.4,1.4,W
2017-08-12,12:30,25.7,87.4,0,0.4,N
2017-08-12,18:30,25.6,79.2,0.6,2.2,W
2017-08-13,9:30,26.6,76.6,0,2.3,W
2017-08-13,12:30,26.9,79.4,0,1.2,NW
2017-08-13,18:30,26.5,80.2,0,2.1,W
2017-08-14,9:30,26.3,74.5,0,2.4,SW
2017-08-14,12:30,25.8,83.1,0,1.3,NW
2017-08-14,18:30,25.8,80.7,1.2,2.2,SW
2017-08-15,9:30,25.3,80.2,1.8,1.9,W
2017-08-15,12:30,25.0,87.8,3.5,1.0,NW
2017-08-15,18:30,25.5,84.3,1.8,1.7,SW
2017-08-16,9:30,26.1,82.8,1.3,1.6,W
2017-08-16,12:30,26.6,82.3,0.8,1.3,W
2017-08-16,18:30,26.3,88.3,1.6,1.4,W
2017-08-17,9:30,25.5,86.3,21.9,1.7,W
2017-08-17,12:30,26.5,86.0,23.5,0.5,N
2017-08-17,18:30,26.3,87.0,8.7,1.7,SW
2017-08-18,9:30,27.4,77.6,0.7,2.2,W
2017-08-18,12:30,27.8,84.2,0.1,1.5,SW
2017-08-18,18:30,26.6,86.3,3.3,1.3,SW
2017-08-19,9:30,28.0,75.9,0,2.3,SE
2017-08-19,12:30,27.8,84.9,0,0,NW
2017-08-19,18:30,26.7,83.0,5.1,1.1,SW
2017-08-20,9:30,24.7,84.4,7.5,2.0,SW
2017-08-20,12:30,24.7,85.2,6.6,0.9,N
2017-08-20,18:30,25.4,87.3,3.6,1.7,SW
2017-08-21,9:30,25.6,76.8,0,3.2,SW
2017-08-21,12:30,25.2,90.1,0,0.4,N
2017-08-21,18:30,25.6,85.7,3.0,2.1,SW
2017-08-22,9:30,26.9,76.9,2.0,2.3,SW
2017-08-22,12:30,27.1,84.7,2.1,1.2,W
2017-08-22,18:30,27.2,80.1,2.2,2.0,W
2017-08-23,9:30,27.1,83.3,26.3,1.8,SW
2017-08-23,12:30,27.4,85.8,28.6,1.0,NW
2017-08-23,18:30,27.0,87.2,13.5,1.9,SW
2017-08-24,9:30,26.4,88.4,27.4,1.7,NW
2017-08-24,12:30,27.2,87.8,32.1,0.6,Calm
2017-08-24,18:30,26.6,87.3,15.6,1.6,W
2017-08-25,9:30,26.5,83.2,3.4,2.7,SW
2017-08-25,12:30,26.0,87.9,0.9,1.6,SW
2017-08-25,18:30,26.7,84.3,8.2,2.3,SW
2017-08-26,9:30,26.2,82.6,0,2.8,S
2017-08-26,12:30,26.0,88.3,0,0.3,N
2017-08-26,18:30,26.6,81.0,2.6,1.7,W
2017-08-27,9:30,25.4,84.2,2.9,1.9,W
2017-08-27,12:30,26.5,82.2,3.5,1.2,NW
2017-08-27,18:30,26.5,84.1,4.3,2.2,W
2017-08-28,9:30,25.5,80.2,5.3,2.8,SW
2017-08-28,12:30,26.4,83.5,5.6,0.9,NW
2017-08-28,18:30,25.8,88.8,4.5,2.0,W
2017-08-29,9:30,26.0,80.3,0,2.2,W
2017-08-29,12:30,25.9,85.9,0,1.5,W
2017-08-29,18:30,25.7,84.2,1.3,2.0,W
2017-08-30,9:30,25.5,85.5,2.4,1.7,W
2017-08-30,12:30,25.6,87.1,1.8,1.3,W
2017-08-30,18:30,25.5,88.8,1.5,1.3,W
2017-08-31,9:30,24.0,87.8,1.2,3.0,W
2017-08-31,12:30,24.3,86.3,2.3,2.4,W
2017-08-31,18:30,24.1,86.5,1.0,3.2,SW
2017-09-01,9:30,24.6,82.8,0,3.1,SW
2017-09-01,12:30,25.2,85.1,0,2.0,W
2017-09-01,18:30,24.8,86.4,1.0,2.4,W
2017-09-02,9:30,23.8,81.9,0.7,2.8,SW
2017-09-02,12:30,23.4,88.1,0.8,1.4,NW
2017-09-02,18:30,23.7,89.7,3.0,2.0,S
2017-09-03,9:30,22.1,86.5,0.6,2.3,W
2017-09-03,12:30,21.7,95.5,2.7,0.8,N
2017-09-03,18:30,22.7,92.5,6.1,1.6,S
2017-09-04,9:30,24.7,78.7,15.1,2.9,W
2017-09-04,12:30,25.1,89.0,14.5,0.5,N
2017-09-04,18:30,25.9,82.0,4.5,2.7,SW
2017-09-05,9:30,23.9,79.3,3.3,2.3,W
2017-09-05,12:30,24.1,90.1,2.2,0,Calm
2017-09-05,18:30,24.2,88.0,8.1,1.4,W
2017-09-06,9:30,25.6,79.4,1.7,1.6,W
2017-09-06,12:30,25.4,90.2,0,0.1,Calm
2017-09-06,18:30,25.8,80.9,1.6,1.8,SW
2017-09-07,9:30,25.7,74.4,0,2.2,SW
2017-09-07,12:30,25.6,89.5,0.3,0,Calm
2017-09-07,18:30,26.0,86.8,2.7,1.2,W
2017-09-08,9:30,26.1,76.3,1.7,1.8,SW
2017-09-08,12:30,26.0,86.5,3.2,0.3,N
2017-09-08,18:30,26.1,83.3,3.2,1.6,W
2017-09-09,9:30,26.2,77.2,7.0,1.7,NW
2017-09-09,12:30,26.1,85.2,6.5,1.6,NW
2017-09-09,18:30,26.5,78.2,4.5,2.5,W
2017-09-10,9:30,26.8,79.2,2.0,2.2,W
2017-09-10,12:30,26.7,82.8,1.5,1.5,W
2017-09-10,18:30,26.9,80.3,3.0,2.1,W
2017-09-11,9:30,26.5,79.2,0.4,1.9,W
2017-09-11,12:30,26.5,82.1,0,1.2,NW
2017-09-11,18:30,26.2,83.9,1.3,1.2,NW
2017-09-12,9:30,27.0,77.0,0,2.4,SW
2017-09-12,12:30,26.8,80.1,0,1.6,NW
2017-09-12,18:30,26.9,80.2,1.6,1.9,SW
2017-09-13,9:30,26.4,78.0,0.9,2.2,SW
2017-09-13,12:30,26.8,86.4,0.8,0.4,N
2017-09-13,18:30,26.2,83.8,3.3,1.5,SW
2017-09-14,9:30,29.6,65.9,0.6,2.8,SW
2017-09-14,12:30,29.4,87.2,0,0.5,NW
2017-09-14,18:30,27.7,80.9,5.3,2.1,S
2017-09-15,9:30,27.3,78.1,22.5,0.7,NW
2017-09-15,12:30,27.1,86.6,24.7,0.4,N
2017-09-15,18:30,28.0,76.7,2.9,2.4,SW
2017-09-16,9:30,28.6,69.3,1.4,2.6,W
2017-09-16,12:30,27.6,88.7,2.0,0,Calm
2017-09-16,18:30,26.7,86.6,9.2,0.0,SW
2017-09-17,9:30,27.0,77.0,1.1,1.5,W
2017-09-17,12:30,26.9,87.8,0.5,-0.0,Calm
2017-09-17,18:30,26.3,82.8,2.9,1.6,SE
2017-09-18,9:30,27.9,72.8,1.8,2.0,SW
2017-09-18,12:30,28.2,86.3,0,0.3,N
2017-09-18,18:30,26.8,83.0,1.7,2.0,SE
2017-09-19,9:30,25.2,77.4,1.7,3.1,SW
2017-09-19,12:30,25.0,87.4,3.7,0.3,Calm
2017-09-19,18:30,25.2,87.0,4.9,2.0,SW
2017-09-20,9:30,25.5,76.0,17.5,2.1,W
2017-09-20,12:30,25.9,85.3,16.8,0.5,N
2017-09-20,18:30,26.3,80.7,5.0,2.3,SW
2017-09-21,9:30,27.5,69.3,1.3,2.5,W
2017-09-21,12:30,26.5,90.0,0.7,-0.0,Calm
2017-09-21,18:30,26.1,85.0,5.6,1.1,W
2017-09-22,9:30,27.9,75.5,5.6,1.7,W
2017-09-22,12:30,27.2,91.5,6.5,0.2,N
2017-09-22,18:30,26.8,75.9,5.0,1.7,S
2017-09-23,9:30,26.9,79.0,13.1,1.4,W
2017-09-23,12:30,26.4,94.5,17.5,0,Calm
2017-09-23,18:30,26.6,81.5,4.7,2.1,S
2017-09-24,9:30,26.7,77.8,0.1,1.8,NW
2017-09-24,12:30,26.1,90.3,0,0.0,Calm
2017-09-24,18:30,25.6,88.6,5.1,1.5,SW
2017-09-25,9:30,26.2,77.5,2.9,2.0,W
2017-09-25,12:30,26.5,88.6,3.1,0.1,N
2017-09-25,18:30,26.5,80.0,2.6,1.9,S
2017-09-26,9:30,26.4,71.9,0,3.1,W
2017-09-26,12:30,26.2,87.0,0,0.3,N
2017-09-26,18:30,26.4,81.5,3.0,2.1,SW
2017-09-27,9:30,25.7,76.0,0,2.2,W
2017-09-27,12:30,26.0,89.7,0,0,Calm
2017-09-27,18:30,25.8,81.8,2.7,1.4,SW
2017-09-28,9:30,26.2,76.5,0,1.2,SW
2017-09-28,12:30,25.6,92.2,0,0,Calm
2017-09-28,18:30,26.0,82.5,4.0,1.1,SW
2017-09-29,9:30,27.0,77.1,2.9,1.3,S
2017-09-29,12:30,26.4,88.9,2.6,0,Calm
2017-09-29,18:30,26.5,82.9,4.7,1.5,S
2017-09-30,9:30,25.9,80.5,0.7,1.1,S
2017-09-30,12:30,24.8,95.2,1.4,0,Calm
2017-09-30,18:30,24.7,89.8,8.9,0.6,S
2017-10-01,9:30,23.7,96.3,55.1,0,SW
2017-10-01,12:30,23.0,101.3,52.1,0,Calm
2017-10-01,18:30,22.5,96.2,26.2,0.6,NW
2017-10-02,9:30,22.5,97.6,16.4,1.7,S
2017-10-02,12:30,22.8,90.7,16.2,2.0,SW
2017-10-02,18:30,23.1,91.0,9.5,1.8,E
2017-10-03,9:30,22.5,99.4,0,1.2,E
2017-10-03,12:30,22.0,102.4,0,0,Calm
2017-10-03,18:30,22.6,95.3,19.6,0.3,SE
2017-10-04,9:30,24.2,87.0,38.5,2.3,S
2017-10-04,12:30,23.1,96.2,32.8,0,Calm
2017-10-04,18:30,24.5,92.3,9.0,2.3,E
2017-10-05,9:30,23.8,91.1,11.3,1.6,E
2017-10-05,12:30,24.2,93.8,10.3,-0.0,Calm
2017-10-05,18:30,23.9,99.7,19.4,0,N
2017-10-06,9:30,23.6,92.3,8.3,1.7,E
2017-10-06,12:30,24.4,92.5,4.7,0,Calm
2017-10-06,18:30,23.3,96.4,13.3,0.6,W
2017-10-07,9:30,24.8,87.9,19.3,1.9,W
2017-10-07,12:30,25.0,89.8,26.3,0.0,Calm
2017-10-07,18:30,25.1,92.2,13.4,1.4,NW
2017-10-08,9:30,21.2,93.6,23.7,1.1,NW
2017-10-08,12:30,21.1,97.6,27.7,0.1,Calm
2017-10-08,18:30,20.6,99.0,15.6,1.9,SE
2017-10-09,9:30,20.2,89.7,10.2,2.6,SE
2017-10-09,12:30,20.4,98.8,12.3,1.5,S
2017-10-09,18:30,22.1,92.4,12.2,0.8,N
2017-10-10,9:30,23.8,83.9,10.2,2.3,SW
2017-10-10,12:30,24.1,90.2,8.4,1.2,W
2017-10-10,18:30,23.2,89.9,6.8,1.2,NW
2017-10-11,9:30,22.6,90.0,6.2,1.1,W
2017-10-11,12:30,21.7,91.1,5.8,2.8,NW
2017-10-11,18:30,21.2,93.8,10.2,3.0,W
2017-10-12,9:30,21.5,90.2,17.8,3.3,W
2017-10-12,12:30,21.3,89.1,18.5,2.6,SW
2017-10-12,18:30,22.8,89.0,7.0,2.7,SW
2017-10-13,9:30,23.2,77.0,6.4,4.0,SW
2017-10-13,12:30,23.5,93.7,0,0.2,Calm
2017-10-13,18:30,24.8,84.2,4.1,3.0,SW
2017-10-14,9:30,24.2,78.3,0.8,3.8,W
2017-10-14,12:30,24.6,92.9,1.3,0.5,N
2017-10-14,18:30,24.9,83.6,2.4,2.4,SW
2017-10-15,9:30,25.4,71.9,0,3.0,SW
2017-10-15,12:30,25.6,91.9,0,0,Calm
2017-10-15,18:30,25.1,85.3,2.3,2.0,S
2017-10-16,9:30,25.0,74.3,0,3.5,SW
2017-10-16,12:30,25.1,88.0,0,0,Calm
2017-10-16,18:30,25.4,81.2,0.5,2.0,S
2017-10-17,9:30,25.4,65.6,0,3.0,S
2017-10-17,12:30,25.2,88.7,0,0,Calm
2017-10-17,18:30,24.9,84.5,1.0,1.5,SW
2017-10-18,9:30,26.6,64.7,0,2.6,SW
2017-10-18,12:30,26.6,82.2,0,0,Calm
2017-10-18,18:30,25.6,83.4,0,1.7,S
2017-10-19,9:30,26.7,62.6,0.3,2.4,S
2017-10-19,12:30,26.4,85.6,0,0,Calm
2017-10-19,18:30,25.6,87.1,2.2,1.1,SW
2017-10-20,9:30,25.9,69.8,1.5,2.6,S
2017-10-20,12:30,26.2,82.6,0,0,Calm
2017-10-20,18:30,25.4,88.9,2.5,1.3,W
2017-10-21,9:30,25.8,71.4,0.5,2.4,S
2017-10-21,12:30,26.5,87.4,0,0,Calm
2017-10-21,18:30,25.7,89.1,1.1,1.2,W
2017-10-22,9:30,23.7,75.4,0,2.6,S
2017-10-22,12:30,23.4,92.9,0,0,Calm
2017-10-22,18:30,23.6,92.1,5.7,0.6,NW
2017-10-23,9:30,24.1,80.9,0.7,2.0,S
2017-10-23,12:30,24.5,90.3,0,0.5,N
2017-10-23,18:30,25.0,88.4,3.9,1.4,SW
2017-10-24,9:30,24.8,78.3,0.2,2.5,S
2017-10-24,12:30,25.1,90.8,0,-0.0,Calm
2017-10-24,18:30,25.0,87.0,4.1,1.5,SE
2017-10-25,9:30,25.6,73.2,0,2.1,SE
2017-10-25,12:30,25.4,91.1,0,0,Calm
2017-10-25,18:30,25.1,86.8,3.7,1.5,S
2017-10-26,9:30,25.6,73.9,0,1.9,SE
2017-10-26,12:30,25.1,90.9,0,0,Calm
2017-10-26,18:30,25.1,86.7,3.2,1.5,SW
2017-10-27,9:30,24.2,80.9,10.2,2.9,S
2017-10-27,12:30,23.7,91.9,16.3,0,Calm
2017-10-27,18:30,24.8,88.4,5.0,2.1,S
2017-10-28,9:30,25.0,73.9,4.2,2.6,S
2017-10-28,12:30,25.9,89.3,2.0,0.2,Calm
2017-10-28,18:30,24.4,91.7,5.1,1.6,S
2017-10-29,9:30,24.5,72.1,16.3,3.6,SE
2017-10-29,12:30,24.0,90.7,17.8,0.6,NW
2017-10-29,18:30,24.7,87.3,2.7,2.3,S
2017-10-30,9:30,20.2,88.1,5.3,4.1,E
2017-10-30,12:30,20.6,92.5,7.5,3.0,SE
2017-10-30,18:30,21.4,84.2,10.4,2.0,SW
2017-10-31,9:30,22.8,74.2,2.6,3.4,S
2017-10-31,12:30,22.1,89.5,0,0.8,Calm
2017-10-31,18:30,23.0,82.6,0,1.7,SW
2017-11-01,9:30,23.7,70.7,0,2.3,S
2017-11-01,12:30,22.4,86.4,0.6,0,Calm
2017-11-01,18:30,23.8,85.2,1.8,1.2,SW
2017-11-02,9:30,25.4,62.4,0.1,2.7,SE
2017-11-02,12:30,24.4,87.4,0,0,Calm
2017-11-02,18:30,24.7,82.8,0.1,1.6,SW
2017-11-03,9:30,25.2,66.1,0,3.1,SW
2017-11-03,12:30,24.7,83.9,0,0,Calm
2017-11-03,18:30,25.1,83.4,1.1,1.5,W
2017-11-04,9:30,24.6,69.9,0,2.3,SE
2017-11-04,12:30,24.1,87.9,0,0,Calm
2017-11-04,18:30,24.1,87.4,2.2,0.6,NW
2017-11-05,9:30,25.9,69.5,0.7,1.9,SE
2017-11-05,12:30,25.6,84.2,0,0,Calm
2017-11-05,18:30,25.0,86.1,1.0,1.1,SW
2017-11-06,9:30,25.8,67.7,0,2.2,S
2017-11-06,12:30,25.6,79.9,0.1,0,Calm
2017-11-06,18:30,25.4,84.5,0.7,1.5,SW
2017-11-07,9:30,26.5,58.3,0.2,3.6,SW
2017-11-07,12:30,26.4,83.8,0.1,0,Calm
2017-11-07,18:30,25.7,82.2,1.4,1.3,SW
2017-11-08,9:30,26.1,62.8,0,3.3,SW
2017-11-08,12:30,25.9,82.6,0,0,Calm
2017-11-08,18:30,24.8,85.5,0.3,1.6,S
2017-11-09,9:30,26.2,57.1,0,3.3,S
2017-11-09,12:30,25.6,83.2,0,0,Calm
2017-11-09,18:30,25.3,79.9,0,1.9,S
2017-11-10,9:30,26.0,60.6,-0.0,2.9,S
2017-11-10,12:30,25.6,78.3,0,0,Calm
2017-11-10,18:30,25.4,81.2,0.9,1.5,S
2017-11-11,9:30,25.0,65.4,0.6,2.3,SE
2017-11-11,12:30,24.7,82.1,0,0,Calm
2017-11-11,18:30,24.5,87.1,2.3,1.0,W
2017-11-12,9:30,25.5,67.3,0.0,2.9,S
2017-11-12,12:30,25.2,83.3,0,0,Calm
2017-11-12,18:30,25.2,84.6,1.4,1.6,SW
2017-11-13,9:30,25.3,69.2,0,2.8,SW
2017-11-13,12:30,25.0,85.0,0.4,0,Calm
2017-11-13,18:30,24.7,84.7,2.1,1.4,SW
2017-11-14,9:30,24.0,72.0,0.2,2.5,SW
2017-11-14,12:30,23.9,89.6,0.1,0.3,N
2017-11-14,18:30,24.5,82.1,1.8,1.9,S
2017-11-15,9:30,25.9,60.1,0,3.8,SW
2017-11-15,12:30,25.6,83.4,0,0.1,N
2017-11-15,18:30,25.1,71.8,1.0,1.5,S
2017-11-16,9:30,25.2,59.1,0,3.0,W
2017-11-16,12:30,24.4,79.4,0,0,Calm
2017-11-16,18:30,26.1,68.3,0,2.5,S
2017-11-17,9:30,25.5,59.5,0,3.1,SW
2017-11-17,12:30,25.4,78.4,1.0,0,Calm
2017-11-17,18:30,26.0,74.9,0.1,1.6,SW
2017-11-18,9:30,25.0,59.0,0,2.6,SW
2017-11-18,12:30,24.8,80.0,0,0,Calm
2017-11-18,18:30,24.3,83.1,0.3,1.0,W
2017-11-19,9:30,23.9,61.7,0.3,2.9,SW
2017-11-19,12:30,23.5,82.4,1.5,0,Calm
2017-11-19,18:30,24.3,82.1,0.7,1.0,SW
2017-11-20,9:30,23.8,61.1,0,2.9,SW
2017-11-20,12:30,23.4,83.4,0.4,0,Calm
2017-11-20,18:30,23.6,86.6,0.9,1.0,W
2017-11-21,9:30,24.5,58.7,0.1,2.6,S
2017-11-21,12:30,24.4,79.9,0,0,Calm
2017-11-21,18:30,24.2,86.1,1.2,0.5,W
2017-11-22,9:30,24.7,62.8,0.8,4.5,S
2017-11-22,12:30,24.7,79.2,0.6,0.1,N
2017-11-22,18:30,24.1,87.1,0.4,1.9,S
2017-11-23,9:30,23.8,62.3,0,3.6,S
2017-11-23,12:30,23.4,86.3,0.8,0,Calm
2017-11-23,18:30,23.3,91.2,0,1.6,SW
2017-11-24,9:30,24.2,61.8,0,3.9,SW
2017-11-24,12:30,24.0,81.1,0,0,Calm
2017-11-24,18:30,24.1,84.5,0,1.7,SW
2017-11-25,9:30,25.1,59.4,0,3.9,W
2017-11-25,12:30,25.4,72.5,0,0,Calm
2017-11-25,18:30,24.9,82.3,0,1.6,W
2017-11-26,9:30,24.5,54.2,0,3.9,S
2017-11-26,12:30,23.8,74.5,0,0,Calm
2017-11-26,18:30,23.6,83.1,0,1.1,W
2017-11-27,9:30,24.2,55.1,0,3.1,SW
2017-11-27,12:30,23.7,79.4,0,0,Calm
2017-11-27,18:30,23.9,81.7,0,1.2,W
2017-11-28,9:30,25.2,52.9,0,3.3,S
2017-11-28,12:30,24.8,75.2,0,0,Calm
2017-11-28,18:30,24.2,85.5,0.2,0.8,W
2017-11-29,9:30,25.4,56.7,0,3.4,SW
2017-11-29,12:30,24.9,76.8,0,0,Calm
2017-11-29,18:30,24.5,85.5,0,1.1,W
2017-11-30,9:30,23.8,64.4,0.0,2.6,S
2017-11-30,12:30,23.5,78.4,0.4,0,Calm
2017-11-30,18:30,23.7,88.4,0,0.3,NW
2017-12-01,9:30,24.5,57.5,0,3.5,SW
2017-12-01,12:30,24.0,77.2,0.2,0,Calm
2017-12-01,18:30,23.6,89.2,0.2,0.9,NW
2017-12-02,9:30,24.5,56.5,0,3.7,SW
2017-12-02,12:30,24.2,76.9,0.0,0,Calm
2017-12-02,18:30,24.5,82.6,0,1.4,W
2017-12-03,9:30,24.7,59.1,0,3.4,SW
2017-12-03,12:30,24.6,75.4,0.4,0,Calm
2017-12-03,18:30,24.3,86.9,0,1.1,W
2017-12-04,9:30,24.3,57.1,0,3.5,SW
2017-12-04,12:30,24.3,79.0,0.6,0,Calm
2017-12-04,18:30,23.9,90.9,0.2,0.9,W
2017-12-05,9:30,23.8,60.4,0,3.3,SW
2017-12-05,12:30,24.1,80.6,0,0,Calm
2017-12-05,18:30,23.5,90.9,0,0.8,NW
2017-12-06,9:30,22.0,67.6,0,2.9,S
2017-12-06,12:30,21.8,85.5,0,0,Calm
2017-12-06,18:30,21.7,94.9,1.9,0,Calm
2017-12-07,9:30,23.9,60.3,0.6,2.8,S
2017-12-07,12:30,24.2,81.3,0,0,Calm
2017-12-07,18:30,23.6,91.9,1.0,0.4,NW
2017-12-08,9:30,22.6,71.6,0,2.7,S
2017-12-08,12:30,22.2,87.3,0,0.5,N
2017-12-08,18:30,22.7,93.1,2.1,0.7,N
2017-12-09,9:30,24.0,69.9,2.0,3.3,SW
2017-12-09,12:30,24.4,82.1,0,0.6,N
2017-12-09,18:30,23.6,86.7,1.1,1.5,S
2017-12-10,9:30,21.7,72.5,1.4,2.8,S
2017-12-10,12:30,20.2,93.5,3.9,0,Calm
2017-12-10,18:30,21.7,95.2,5.0,0.9,SW
2017-12-11,9:30,21.8,79.1,2.8,2.9,SW
2017-12-11,12:30,22.0,93.8,7.7,-0.0,Calm
2017-12-11,18:30,22.4,93.6,1.6,1.8,S
2017-12-12,9:30,22.8,73.4,0.6,2.4,SW
2017-12-12,12:30,23.0,91.2,0.5,0,Calm
2017-12-12,18:30,22.3,96.4,1.5,1.0,SW
2017-12-13,9:30,21.3,81.2,0,2.3,S
2017-12-13,12:30,20.9,96.8,0,0,Calm
2017-12-13,18:30,21.5,96.7,6.5,0.6,W
2017-12-14,9:30,22.7,80.1,2.5,2.6,SE
2017-12-14,12:30,22.3,93.8,1.4,0,Calm
2017-12-14,18:30,22.8,91.2,3.5,1.4,SW
2017-12-15,9:30,24.4,69.1,0.3,2.2,E
2017-12-15,12:30,24.1,90.7,0,0,Calm
2017-12-15,18:30,24.4,89.6,4.1,0.8,SW
2017-12-16,9:30,26.6,65.5,0.2,2.8,E
2017-12-16,12:30,26.0,90.0,0,0,Calm
2017-12-16,18:30,25.7,86.2,1.2,1.9,S
2017-12-17,9:30,25.0,75.6,0,2.8,S
2017-12-17,12:30,24.8,87.1,0,0.0,Calm
2017-12-17,18:30,24.5,87.5,1.5,1.6,SW
2017-12-18,9:30,20.3,91.1,0,3.1,W
2017-12-18,12:30,20.2,97.2,2.9,0.8,N
2017-12-18,18:30,20.5,89.9,5.4,2.3,W
2017-12-19,9:30,21.0,80.2,19.8,3.2,NW
2017-12-19,12:30,21.8,86.1,17.2,2.2,NW
2017-12-19,18:30,22.7,89.5,1.3,2.4,SW
2017-12-20,9:30,23.2,73.8,0.3,3.0,SW
2017-12-20,12:30,22.4,86.2,1.6,0,Calm
2017-12-20,18:30,23.0,92.1,0.6,0.7,NW
2017-12-21,9:30,22.5,72.9,0,2.3,SW
2017-12-21,12:30,22.3,88.8,0,0,Calm
2017-12-21,18:30,22.1,94.7,2.2,0.7,NW
2017-12-22,9:30,23.3,64.7,1.9,2.8,S
2017-12-22,12:30,23.5,82.1,1.6,0,Calm
2017-12-22,18:30,23.4,92.0,0,0.7,SW
2017-12-23,9:30,23.3,59.5,0,3.5,S
2017-12-23,12:30,22.8,86.3,1.3,0,Calm
2017-12-23,18:30,22.5,95.4,0,0.9,W
2017-12-24,9:30,22.1,70.3,0,4.4,W
2017-12-24,12:30,21.9,82.2,0.7,0,Calm
2017-12-24,18:30,22.3,92.5,0.2,1.6,SW
2017-12-25,9:30,22.4,58.1,0,3.1,SW
2017-12-25,12:30,22.3,81.9,2.3,0,Calm
2017-12-25,18:30,21.7,94.9,0,0.3,NW
2017-12-26,9:30,21.8,63.5,0,3.0,W
2017-12-26,12:30,20.9,80.9,2.6,0,Calm
2017-12-26,18:30,21.5,92.4,0.6,1.3,W
2017-12-27,9:30,21.2,59.3,0.4,3.4,SW
2017-12-27,12:30,20.9,81.1,1.0,0,Calm
2017-12-27,18:30,21.4,92.2,0,1.0,NW
2017-12-28,9:30,21.7,62.6,0,4.8,W
2017-12-28,12:30,21.3,82.5,0.4,0,Calm
2017-12-28,18:30,22.4,87.4,0,1.8,S
2017-12-29,9:30,22.7,52.5,-0.0,4.1,S
2017-12-29,12:30,21.8,80.8,1.1,0,Calm
2017-12-29,18:30,22.4,85.7,0,1.4,W
2017-12-30,9:30,21.8,65.9,0,2.0,SW
2017-12-30,12:30,21.4,82.5,1.3,0,Calm
2017-12-30,18:30,20.5,89.1,3.1,0.3,N
2017-12-31,9:30,19.1,79.6,1.0,1.5,SW
2017-12-31,12:30,18.3,90.5,2.4,0,Calm
2017-12-31,18:30,17.7,102.6,11.9,0,Calm
