created_at,entry_id,field1,field2,latitude,longitude,elevation,status
2019-06-19 14:12:58 UTC,1,27.7000007629,48.0,,,,
2019-06-19 14:14:07 UTC,2,27.0,47.0999984741,,,,
2019-06-19 14:15:13 UTC,3,26.6000003815,48.9000015259,,,,
2019-06-19 14:16:16 UTC,4,26.2999992371,49.2999992371,,,,
2019-06-19 14:17:19 UTC,5,26.2000007629,49.7999992371,,,,
2019-06-19 14:18:22 UTC,6,26.1000003815,50.2999992371,,,,
2019-06-19 14:19:29 UTC,7,25.8999996185,50.7000007629,,,,
2019-06-19 14:20:32 UTC,8,25.7999992371,51.2999992371,,,,
2019-06-19 14:21:35 UTC,9,25.7999992371,51.7000007629,,,,
2019-06-19 14:22:38 UTC,10,25.7999992371,51.9000015259,,,,
2019-06-19 14:23:41 UTC,11,25.7000007629,52.0,,,,
2019-06-19 14:24:46 UTC,12,25.7000007629,52.2000007629,,,,
2019-06-19 14:25:52 UTC,13,25.6000003815,52.4000015259,,,,
2019-06-19 14:26:55 UTC,14,25.6000003815,52.5,,,,
2019-06-19 14:27:58 UTC,15,25.6000003815,52.5999984741,,,,
2019-06-19 14:29:01 UTC,16,25.6000003815,52.5999984741,,,,
2019-06-19 14:30:06 UTC,17,25.6000003815,52.5999984741,,,,
2019-06-19 14:31:09 UTC,18,25.6000003815,52.5999984741,,,,
2019-06-19 14:32:13 UTC,19,25.5,52.5999984741,,,,
2019-06-19 14:33:16 UTC,20,25.5,52.5999984741,,,,
2019-06-19 14:34:21 UTC,21,25.6000003815,52.5999984741,,,,
2019-06-19 14:35:28 UTC,22,25.6000003815,52.7000007629,,,,
2019-06-19 14:36:31 UTC,23,25.6000003815,52.9000015259,,,,
2019-06-19 14:37:34 UTC,24,25.6000003815,52.7999992371,,,,
2019-06-19 14:38:38 UTC,25,25.6000003815,52.7000007629,,,,
2019-06-19 14:39:41 UTC,26,25.6000003815,52.2999992371,,,,
2019-06-19 14:40:47 UTC,27,25.6000003815,52.4000015259,,,,
2019-06-19 14:41:54 UTC,28,25.5,52.4000015259,,,,
2019-06-19 14:42:57 UTC,29,25.6000003815,52.5,,,,
2019-06-19 14:44:00 UTC,30,25.5,52.5,,,,
2019-06-19 14:45:05 UTC,31,25.6000003815,52.4000015259,,,,
2019-06-19 14:46:08 UTC,32,25.5,52.5,,,,
2019-06-19 14:47:13 UTC,33,25.6000003815,52.9000015259,,,,
2019-06-19 14:48:16 UTC,34,25.6000003815,52.9000015259,,,,
2019-06-19 14:49:22 UTC,35,25.6000003815,53.2000007629,,,,
2019-06-19 14:50:26 UTC,36,25.6000003815,53.0,,,,
2019-06-19 14:51:30 UTC,37,25.5,52.7000007629,,,,
2019-06-19 14:52:32 UTC,38,25.5,52.7999992371,,,,
2019-06-19 14:53:39 UTC,39,25.5,52.7000007629,,,,
2019-06-19 14:54:43 UTC,40,25.5,52.5999984741,,,,
2019-06-19 14:55:47 UTC,41,25.5,52.5999984741,,,,
2019-06-19 14:56:51 UTC,42,25.5,52.7999992371,,,,
2019-06-19 14:57:55 UTC,43,25.5,52.5999984741,,,,
2019-06-19 14:58:58 UTC,44,25.5,52.5,,,,
2019-06-19 15:00:01 UTC,45,25.5,52.7000007629,,,,
2019-06-19 15:01:04 UTC,46,25.5,52.5999984741,,,,
2019-06-19 15:02:07 UTC,47,25.5,52.2000007629,,,,
2019-06-19 15:03:11 UTC,48,25.5,52.4000015259,,,,
2019-06-19 15:04:14 UTC,49,25.5,52.7000007629,,,,
2019-06-19 15:05:19 UTC,50,25.5,52.4000015259,,,,
2019-06-19 15:06:24 UTC,51,25.6000003815,52.0999984741,,,,
2019-06-19 15:07:30 UTC,52,25.5,52.2000007629,,,,
2019-06-19 15:08:34 UTC,53,25.6000003815,52.0,,,,
2019-06-19 15:09:37 UTC,54,25.5,52.0999984741,,,,
2019-06-19 15:10:39 UTC,55,25.5,52.0999984741,,,,
2019-06-19 15:11:43 UTC,56,25.5,52.0999984741,,,,
2019-06-19 15:12:46 UTC,57,25.5,52.0,,,,
2019-06-19 15:13:54 UTC,58,25.6000003815,52.0,,,,
2019-06-19 15:14:56 UTC,59,25.5,52.2000007629,,,,
2019-06-19 15:16:00 UTC,60,25.5,52.2999992371,,,,
2019-06-19 15:17:03 UTC,61,25.5,52.4000015259,,,,
2019-06-19 15:18:07 UTC,62,25.5,52.4000015259,,,,
2019-06-19 15:19:11 UTC,63,25.6000003815,52.0999984741,,,,
2019-06-19 15:20:14 UTC,64,25.6000003815,52.0999984741,,,,
2019-06-19 15:21:17 UTC,65,25.6000003815,51.7999992371,,,,
2019-06-19 15:22:23 UTC,66,25.6000003815,51.5,,,,
2019-06-19 15:23:28 UTC,67,25.6000003815,51.9000015259,,,,
2019-06-19 15:24:31 UTC,68,25.6000003815,51.9000015259,,,,
2019-06-19 15:25:37 UTC,69,25.6000003815,52.0999984741,,,,
2019-06-19 15:26:43 UTC,70,25.6000003815,53.2999992371,,,,
2019-06-19 15:27:47 UTC,71,25.6000003815,52.2000007629,,,,
2019-06-19 15:28:51 UTC,72,25.6000003815,52.2999992371,,,,
2019-06-19 15:29:54 UTC,73,25.6000003815,52.0,,,,
2019-06-19 15:30:58 UTC,74,25.6000003815,52.0,,,,
2019-06-19 15:36:18 UTC,75,25.7000007629,52.2999992371,,,,
2019-06-19 15:37:26 UTC,76,25.7000007629,51.7999992371,,,,
2019-06-19 15:38:29 UTC,77,25.7000007629,51.2000007629,,,,
2019-06-19 15:39:32 UTC,78,25.6000003815,51.2000007629,,,,
2019-06-19 15:40:35 UTC,79,25.6000003815,51.5,,,,
2019-06-19 15:41:37 UTC,80,25.6000003815,51.2999992371,,,,
2019-06-19 15:42:40 UTC,81,25.6000003815,51.2000007629,,,,
2019-06-19 15:43:43 UTC,82,25.6000003815,51.5,,,,
2019-06-19 15:44:46 UTC,83,25.6000003815,51.5999984741,,,,
2019-06-19 15:45:48 UTC,84,25.6000003815,51.7999992371,,,,
2019-06-19 15:46:52 UTC,85,25.6000003815,51.9000015259,,,,
2019-06-19 15:47:57 UTC,86,25.6000003815,51.9000015259,,,,
2019-06-19 15:48:59 UTC,87,25.6000003815,51.4000015259,,,,
2019-06-19 15:50:02 UTC,88,25.6000003815,50.7000007629,,,,
2019-06-19 15:51:04 UTC,89,25.7000007629,50.0999984741,,,,
2019-06-19 15:52:08 UTC,90,25.7000007629,49.7999992371,,,,
2019-06-19 15:53:10 UTC,91,25.7000007629,49.7000007629,,,,
2019-06-19 15:54:14 UTC,92,25.7000007629,49.5,,,,
2019-06-19 15:55:16 UTC,93,25.7000007629,49.5,,,,
2019-06-19 15:56:18 UTC,94,25.6000003815,49.2000007629,,,,
2019-06-19 15:57:21 UTC,95,25.6000003815,49.2000007629,,,,
2019-06-19 15:58:23 UTC,96,25.7000007629,49.2000007629,,,,
2019-06-19 15:59:26 UTC,97,25.7000007629,49.2000007629,,,,
2019-06-19 16:00:29 UTC,98,25.6000003815,49.2999992371,,,,
2019-06-19 16:01:31 UTC,99,25.7000007629,49.0,,,,
2019-06-19 16:02:35 UTC,100,25.6000003815,49.0999984741,,,,
2019-06-19 16:03:40 UTC,101,25.6000003815,49.7000007629,,,,
2019-06-19 16:04:43 UTC,102,25.7000007629,50.0999984741,,,,
2019-06-19 16:05:46 UTC,103,25.7000007629,50.2000007629,,,,
2019-06-19 16:06:48 UTC,104,25.7000007629,50.0,,,,
2019-06-19 16:07:50 UTC,105,25.7000007629,49.7999992371,,,,
2019-06-19 16:08:54 UTC,106,25.6000003815,49.5999984741,,,,
2019-06-19 16:09:56 UTC,107,25.6000003815,49.5999984741,,,,
2019-06-19 16:10:59 UTC,108,25.6000003815,49.4000015259,,,,
2019-06-19 16:12:02 UTC,109,25.6000003815,49.5999984741,,,,
2019-06-19 16:13:06 UTC,110,25.6000003815,49.7999992371,,,,
2019-06-19 16:14:08 UTC,111,25.6000003815,49.7999992371,,,,
2019-06-19 16:15:11 UTC,112,25.6000003815,49.7999992371,,,,
2019-06-19 16:16:13 UTC,113,25.6000003815,49.9000015259,,,,
2019-06-19 16:17:15 UTC,114,25.6000003815,49.9000015259,,,,
2019-06-19 16:18:17 UTC,115,25.6000003815,49.9000015259,,,,
2019-06-19 16:19:21 UTC,116,25.6000003815,49.9000015259,,,,
2019-06-19 16:20:24 UTC,117,25.6000003815,50.4000015259,,,,
2019-06-19 16:21:27 UTC,118,25.6000003815,49.7999992371,,,,
2019-06-19 16:22:32 UTC,119,25.6000003815,49.0,,,,
2019-06-19 16:23:35 UTC,120,25.6000003815,49.0,,,,
2019-06-19 16:24:37 UTC,121,25.5,50.0,,,,
2019-06-19 16:25:40 UTC,122,25.5,50.0999984741,,,,
2019-06-19 16:26:42 UTC,123,25.5,49.9000015259,,,,
2019-06-19 16:27:44 UTC,124,25.5,50.5,,,,
2019-06-19 16:28:46 UTC,125,25.6000003815,50.5999984741,,,,
2019-06-19 16:29:48 UTC,126,25.6000003815,50.5,,,,
2019-06-19 16:30:53 UTC,127,25.5,50.7000007629,,,,
2019-06-19 16:31:55 UTC,128,25.6000003815,50.4000015259,,,,
2019-06-19 16:32:57 UTC,129,25.6000003815,50.2999992371,,,,
2019-06-19 16:34:00 UTC,130,25.6000003815,50.0999984741,,,,
2019-06-19 16:35:05 UTC,131,25.6000003815,50.0999984741,,,,
2019-06-19 16:36:07 UTC,132,25.6000003815,49.7999992371,,,,
2019-06-19 16:37:10 UTC,133,25.6000003815,49.5999984741,,,,
2019-06-19 16:38:12 UTC,134,25.6000003815,48.7999992371,,,,
2019-06-19 16:39:14 UTC,135,25.6000003815,49.0,,,,
2019-06-19 16:40:16 UTC,136,25.6000003815,49.0999984741,,,,
2019-06-19 16:41:18 UTC,137,25.6000003815,49.2000007629,,,,
2019-06-19 16:42:20 UTC,138,25.6000003815,49.4000015259,,,,
2019-06-19 16:43:23 UTC,139,25.6000003815,49.5,,,,
2019-06-19 16:44:25 UTC,140,25.7000007629,49.0999984741,,,,
2019-06-19 16:45:26 UTC,141,25.7000007629,49.2999992371,,,,
2019-06-19 16:46:29 UTC,142,25.7000007629,49.5,,,,
2019-06-19 16:47:30 UTC,143,25.6000003815,49.5999984741,,,,
2019-06-19 16:48:32 UTC,144,25.7000007629,49.5,,,,
2019-06-19 16:49:34 UTC,145,25.7000007629,49.4000015259,,,,
2019-06-19 16:50:37 UTC,146,25.7000007629,49.0999984741,,,,
2019-06-19 16:51:39 UTC,147,25.7000007629,48.2000007629,,,,
2019-06-19 16:52:41 UTC,148,25.7000007629,48.7000007629,,,,
2019-06-19 16:53:43 UTC,149,25.7000007629,48.5,,,,
2019-06-19 16:54:45 UTC,150,25.7000007629,48.5,,,,
2019-06-19 16:55:47 UTC,151,25.6000003815,48.4000015259,,,,
2019-06-19 16:56:51 UTC,152,25.6000003815,48.7000007629,,,,
2019-06-19 16:57:53 UTC,153,25.6000003815,48.9000015259,,,,
2019-06-19 16:58:55 UTC,154,25.6000003815,47.5999984741,,,,
2019-06-19 16:59:58 UTC,155,25.6000003815,48.2999992371,,,,
2019-06-19 17:01:00 UTC,156,25.5,48.7999992371,,,,
2019-06-19 17:02:02 UTC,157,25.5,49.9000015259,,,,
2019-06-19 17:03:04 UTC,158,25.5,50.2999992371,,,,
2019-06-19 17:04:06 UTC,159,25.5,50.0999984741,,,,
2019-06-19 17:05:08 UTC,160,25.5,47.5999984741,,,,
2019-06-19 17:06:10 UTC,161,25.5,48.0999984741,,,,
2019-06-19 17:07:12 UTC,162,25.5,49.4000015259,,,,
2019-06-19 17:08:14 UTC,163,25.3999996185,50.0,,,,
2019-06-19 17:09:16 UTC,164,25.3999996185,50.4000015259,,,,
2019-06-19 17:10:18 UTC,165,25.3999996185,50.5999984741,,,,
2019-06-19 17:11:20 UTC,166,25.3999996185,50.5999984741,,,,
2019-06-19 17:12:24 UTC,167,25.5,50.7000007629,,,,
2019-06-19 17:13:26 UTC,168,25.5,50.7000007629,,,,
2019-06-19 17:14:28 UTC,169,25.5,50.2000007629,,,,
2019-06-19 17:15:30 UTC,170,25.5,50.7000007629,,,,
2019-06-19 17:16:33 UTC,171,25.5,50.5999984741,,,,
2019-06-19 17:17:35 UTC,172,25.5,50.7000007629,,,,
2019-06-19 17:18:37 UTC,173,25.3999996185,50.5999984741,,,,
2019-06-19 17:19:39 UTC,174,25.3999996185,50.9000015259,,,,
2019-06-19 17:20:41 UTC,175,25.3999996185,50.9000015259,,,,
2019-06-19 17:21:43 UTC,176,25.3999996185,51.0,,,,
2019-06-19 17:22:45 UTC,177,25.3999996185,51.2999992371,,,,
2019-06-19 17:23:47 UTC,178,25.3999996185,51.0999984741,,,,
2019-06-19 17:24:49 UTC,179,25.3999996185,51.0999984741,,,,
2019-06-19 17:25:53 UTC,180,25.3999996185,50.0999984741,,,,
2019-06-19 17:26:55 UTC,181,25.3999996185,50.9000015259,,,,
2019-06-19 17:27:57 UTC,182,25.3999996185,50.9000015259,,,,
2019-06-19 17:28:59 UTC,183,25.3999996185,50.7000007629,,,,
2019-06-19 17:30:01 UTC,184,25.3999996185,51.2000007629,,,,
2019-06-19 17:31:03 UTC,185,25.3999996185,51.0999984741,,,,
2019-06-19 17:32:05 UTC,186,25.2999992371,51.2999992371,,,,
2019-06-19 17:33:07 UTC,187,25.2999992371,51.4000015259,,,,
2019-06-19 17:34:10 UTC,188,25.2999992371,51.2000007629,,,,
2019-06-19 17:35:12 UTC,189,25.2999992371,51.5,,,,
2019-06-19 17:36:14 UTC,190,25.2999992371,51.5,,,,
2019-06-19 17:37:16 UTC,191,25.2999992371,51.5999984741,,,,
2019-06-19 17:38:18 UTC,192,25.2999992371,51.5999984741,,,,
2019-06-19 17:39:20 UTC,193,25.3999996185,51.5,,,,
2019-06-19 17:40:22 UTC,194,25.2999992371,51.5,,,,
2019-06-19 17:41:24 UTC,195,25.2999992371,51.5,,,,
2019-06-19 17:42:26 UTC,196,25.2999992371,51.7999992371,,,,
2019-06-19 17:43:28 UTC,197,25.2999992371,52.0,,,,
2019-06-19 17:44:30 UTC,198,25.2999992371,52.0,,,,
2019-06-19 17:45:32 UTC,199,25.2000007629,52.2000007629,,,,
2019-06-19 17:46:34 UTC,200,25.2999992371,52.2000007629,,,,
2019-06-19 17:47:37 UTC,201,25.2000007629,52.0999984741,,,,
2019-06-19 17:48:39 UTC,202,25.2999992371,52.2000007629,,,,
2019-06-19 17:49:41 UTC,203,25.2999992371,51.9000015259,,,,
2019-06-19 17:50:43 UTC,204,25.2999992371,52.2999992371,,,,
2019-06-19 17:51:45 UTC,205,25.2000007629,52.5,,,,
2019-06-19 17:52:47 UTC,206,25.2000007629,52.9000015259,,,,
2019-06-19 17:53:50 UTC,207,25.2000007629,53.0,,,,
2019-06-19 17:54:52 UTC,208,25.2000007629,53.2000007629,,,,
2019-06-19 17:55:54 UTC,209,25.2000007629,53.2000007629,,,,
2019-06-19 17:56:56 UTC,210,25.3999996185,52.5999984741,,,,
2019-06-19 17:57:59 UTC,211,25.3999996185,52.0,,,,
2019-06-19 17:59:01 UTC,212,25.3999996185,52.0999984741,,,,
2019-06-19 18:00:03 UTC,213,25.2999992371,52.2999992371,,,,
2019-06-19 18:01:05 UTC,214,25.2999992371,51.7999992371,,,,
2019-06-19 18:02:07 UTC,215,25.2999992371,52.0999984741,,,,
2019-06-19 18:03:09 UTC,216,25.2999992371,52.2999992371,,,,
2019-06-19 18:04:11 UTC,217,25.2999992371,52.5,,,,
2019-06-19 18:05:13 UTC,218,25.2999992371,52.5,,,,
2019-06-19 18:06:15 UTC,219,25.2999992371,52.5999984741,,,,
2019-06-19 18:07:17 UTC,220,25.3999996185,52.2000007629,,,,
2019-06-19 18:08:19 UTC,221,25.2999992371,51.9000015259,,,,
2019-06-19 18:09:22 UTC,222,25.3999996185,52.0999984741,,,,
2019-06-19 18:10:24 UTC,223,25.3999996185,51.4000015259,,,,
2019-06-19 18:11:26 UTC,224,25.3999996185,51.5999984741,,,,
2019-06-19 18:12:28 UTC,225,25.2999992371,51.7999992371,,,,
2019-06-19 18:13:32 UTC,226,25.2999992371,51.9000015259,,,,
2019-06-19 18:14:34 UTC,227,25.2999992371,52.0999984741,,,,
2019-06-19 18:15:36 UTC,228,25.2999992371,51.4000015259,,,,
2019-06-19 18:16:38 UTC,229,25.3999996185,51.0,,,,
2019-06-19 18:17:40 UTC,230,25.2999992371,52.2000007629,,,,
2019-06-19 18:18:43 UTC,231,25.2999992371,51.7000007629,,,,
2019-06-19 18:19:45 UTC,232,25.2999992371,51.7000007629,,,,
2019-06-19 18:20:47 UTC,233,25.3999996185,51.7000007629,,,,
2019-06-19 18:21:49 UTC,234,25.3999996185,51.4000015259,,,,
2019-06-19 18:22:55 UTC,235,25.3999996185,51.2999992371,,,,
2019-06-19 18:23:58 UTC,236,25.5,50.9000015259,,,,
2019-06-19 18:25:00 UTC,237,25.5,50.7000007629,,,,
2019-06-19 18:26:02 UTC,238,25.5,49.7000007629,,,,
2019-06-19 18:27:07 UTC,239,25.5,49.7999992371,,,,
2019-06-19 18:28:09 UTC,240,25.5,49.7000007629,,,,
2019-06-19 18:29:11 UTC,241,25.5,49.9000015259,,,,
2019-06-19 18:30:13 UTC,242,25.5,49.7999992371,,,,
2019-06-19 18:31:15 UTC,243,25.5,49.9000015259,,,,
2019-06-19 18:32:19 UTC,244,25.3999996185,49.7999992371,,,,
2019-06-19 18:33:21 UTC,245,25.5,49.7000007629,,,,
2019-06-19 18:34:23 UTC,246,25.5,49.5999984741,,,,
2019-06-19 18:35:26 UTC,247,25.5,49.7000007629,,,,
2019-06-19 18:36:28 UTC,248,25.5,49.7000007629,,,,
2019-06-19 18:37:30 UTC,249,25.3999996185,49.7000007629,,,,
2019-06-19 18:38:32 UTC,250,25.3999996185,49.5999984741,,,,
2019-06-19 18:39:34 UTC,251,25.5,49.5999984741,,,,
2019-06-19 18:40:36 UTC,252,25.5,49.4000015259,,,,
2019-06-19 18:41:38 UTC,253,25.5,49.2000007629,,,,
2019-06-19 18:42:40 UTC,254,25.5,49.0,,,,
2019-06-19 18:43:42 UTC,255,25.5,49.0,,,,
2019-06-19 18:44:44 UTC,256,25.3999996185,49.0,,,,
2019-06-19 18:45:46 UTC,257,25.5,49.0,,,,
2019-06-19 18:46:48 UTC,258,25.5,49.0,,,,
2019-06-19 18:47:53 UTC,259,25.5,49.0999984741,,,,
2019-06-19 18:48:55 UTC,260,25.5,49.0,,,,
2019-06-19 18:49:57 UTC,261,25.5,49.0,,,,
2019-06-19 18:50:59 UTC,262,25.5,49.0,,,,
2019-06-19 18:52:01 UTC,263,25.3999996185,49.0,,,,
2019-06-19 18:53:03 UTC,264,25.3999996185,49.0,,,,
2019-06-19 18:54:05 UTC,265,25.3999996185,48.7999992371,,,,
2019-06-19 18:55:07 UTC,266,25.3999996185,48.5,,,,
2019-06-19 18:56:09 UTC,267,25.3999996185,48.7000007629,,,,
2019-06-19 18:57:11 UTC,268,25.3999996185,48.7000007629,,,,
2019-06-19 18:58:13 UTC,269,25.3999996185,48.7000007629,,,,
2019-06-19 18:59:15 UTC,270,25.3999996185,48.7999992371,,,,
2019-06-19 19:00:17 UTC,271,25.5,48.7000007629,,,,
2019-06-19 19:01:22 UTC,272,25.5,48.5999984741,,,,
2019-06-19 19:02:24 UTC,273,25.3999996185,48.7000007629,,,,
2019-06-19 19:03:26 UTC,274,25.3999996185,48.2999992371,,,,
2019-06-19 19:04:28 UTC,275,25.3999996185,48.4000015259,,,,
2019-06-19 19:05:30 UTC,276,25.3999996185,48.5999984741,,,,
2019-06-19 19:06:32 UTC,277,25.3999996185,47.7999992371,,,,
2019-06-19 19:07:34 UTC,278,25.3999996185,48.5999984741,,,,
2019-06-19 19:08:36 UTC,279,25.2999992371,49.7999992371,,,,
2019-06-19 19:09:38 UTC,280,25.2999992371,49.9000015259,,,,
2019-06-19 19:10:40 UTC,281,25.2000007629,49.7999992371,,,,
2019-06-19 19:11:43 UTC,282,25.2000007629,49.5999984741,,,,
2019-06-19 19:12:45 UTC,283,25.2000007629,50.4000015259,,,,
2019-06-19 19:13:47 UTC,284,25.2000007629,49.5,,,,
2019-06-19 19:14:49 UTC,285,25.2000007629,50.7000007629,,,,
2019-06-19 19:15:51 UTC,286,25.2000007629,50.7000007629,,,,
2019-06-19 19:16:53 UTC,287,25.2000007629,50.5999984741,,,,
2019-06-19 19:17:55 UTC,288,25.2000007629,48.0999984741,,,,
2019-06-19 19:18:58 UTC,289,25.2000007629,49.7999992371,,,,
2019-06-19 19:20:00 UTC,290,25.2000007629,50.7999992371,,,,
2019-06-19 19:21:02 UTC,291,25.2000007629,51.0,,,,
2019-06-19 19:22:04 UTC,292,25.2000007629,51.2000007629,,,,
2019-06-19 19:23:06 UTC,293,25.2000007629,51.2999992371,,,,
2019-06-19 19:24:08 UTC,294,25.1000003815,51.7000007629,,,,
2019-06-19 19:25:10 UTC,295,25.2000007629,51.5999984741,,,,
2019-06-19 19:26:12 UTC,296,25.1000003815,51.5,,,,
2019-06-19 19:27:18 UTC,297,25.1000003815,51.7999992371,,,,
2019-06-19 19:28:20 UTC,298,25.1000003815,52.0,,,,
2019-06-19 19:29:22 UTC,299,25.1000003815,52.0999984741,,,,
2019-06-19 19:30:26 UTC,300,25.0,52.2999992371,,,,
2019-06-19 19:31:28 UTC,301,25.1000003815,52.2999992371,,,,
2019-06-19 19:32:31 UTC,302,25.1000003815,52.2000007629,,,,
2019-06-19 19:33:33 UTC,303,25.2000007629,52.0,,,,
2019-06-19 19:34:37 UTC,304,25.2000007629,51.7000007629,,,,
2019-06-19 19:35:39 UTC,305,25.1000003815,52.0,,,,
2019-06-19 19:36:41 UTC,306,25.0,52.4000015259,,,,
2019-06-19 19:37:43 UTC,307,25.1000003815,52.5999984741,,,,
2019-06-19 19:38:48 UTC,308,25.1000003815,52.7999992371,,,,
2019-06-19 19:39:53 UTC,309,25.1000003815,52.9000015259,,,,
2019-06-19 19:40:55 UTC,310,25.0,53.0999984741,,,,
2019-06-19 19:41:57 UTC,311,25.0,53.2000007629,,,,
2019-06-19 19:42:59 UTC,312,25.0,53.4000015259,,,,
2019-06-19 19:44:02 UTC,313,25.0,53.7000007629,,,,
2019-06-19 19:45:04 UTC,314,25.1000003815,53.2999992371,,,,
2019-06-19 19:46:06 UTC,315,25.0,53.2999992371,,,,
2019-06-19 19:47:08 UTC,316,25.0,53.5999984741,,,,
2019-06-19 19:48:10 UTC,317,25.0,53.9000015259,,,,
2019-06-19 19:49:12 UTC,318,25.0,53.7999992371,,,,
2019-06-19 19:50:14 UTC,319,25.0,53.7999992371,,,,
2019-06-19 19:51:16 UTC,320,25.0,53.9000015259,,,,
2019-06-19 19:52:18 UTC,321,25.0,53.5,,,,
2019-06-19 19:53:20 UTC,322,25.0,53.4000015259,,,,
2019-06-19 19:54:22 UTC,323,25.1000003815,53.0999984741,,,,
2019-06-19 19:55:25 UTC,324,25.1000003815,53.0999984741,,,,
2019-06-19 19:56:27 UTC,325,25.0,53.2999992371,,,,
2019-06-19 19:57:29 UTC,326,25.0,53.2000007629,,,,
2019-06-19 19:58:31 UTC,327,25.0,53.5,,,,
2019-06-19 19:59:33 UTC,328,25.0,53.5999984741,,,,
2019-06-19 20:00:38 UTC,329,25.0,53.7000007629,,,,
2019-06-19 20:01:40 UTC,330,25.0,53.7000007629,,,,
2019-06-19 20:02:42 UTC,331,24.8999996185,53.7000007629,,,,
2019-06-19 20:03:44 UTC,332,25.0,54.0,,,,
2019-06-19 20:04:46 UTC,333,25.0,54.2000007629,,,,
2019-06-19 20:05:48 UTC,334,25.0,53.7000007629,,,,
2019-06-19 20:06:52 UTC,335,25.0,53.7999992371,,,,
2019-06-19 20:07:54 UTC,336,25.0,53.7999992371,,,,
2019-06-19 20:08:56 UTC,337,25.0,54.0,,,,
2019-06-19 20:09:58 UTC,338,25.0,54.0,,,,
2019-06-19 20:11:00 UTC,339,25.0,54.0,,,,
2019-06-19 20:12:02 UTC,340,25.0,54.0,,,,
2019-06-19 20:13:04 UTC,341,25.0,53.5,,,,
2019-06-19 20:14:06 UTC,342,25.1000003815,53.5,,,,
2019-06-19 20:15:08 UTC,343,25.0,53.5999984741,,,,
2019-06-19 20:16:11 UTC,344,25.0,53.7000007629,,,,
2019-06-19 20:17:13 UTC,345,25.0,53.5,,,,
2019-06-19 20:18:17 UTC,346,25.0,53.5999984741,,,,
2019-06-19 20:19:20 UTC,347,25.0,53.5999984741,,,,
2019-06-19 20:20:22 UTC,348,25.0,53.5,,,,
2019-06-19 20:21:24 UTC,349,25.0,53.5999984741,,,,
2019-06-19 20:22:26 UTC,350,25.1000003815,53.5,,,,
2019-06-19 20:23:28 UTC,351,25.1000003815,53.5,,,,
2019-06-19 20:24:30 UTC,352,25.1000003815,53.2000007629,,,,
2019-06-19 20:25:32 UTC,353,25.1000003815,52.9000015259,,,,
2019-06-19 20:26:34 UTC,354,25.2000007629,52.0999984741,,,,
2019-06-19 20:27:36 UTC,355,25.2000007629,52.0,,,,
2019-06-19 20:28:38 UTC,356,25.2000007629,51.7000007629,,,,
2019-06-19 20:29:41 UTC,357,25.2000007629,51.7999992371,,,,
2019-06-19 20:30:43 UTC,358,25.2000007629,51.4000015259,,,,
2019-06-19 20:31:45 UTC,359,25.2000007629,51.5,,,,
2019-06-19 20:32:47 UTC,360,25.2000007629,51.4000015259,,,,
2019-06-19 20:33:49 UTC,361,25.2000007629,51.5999984741,,,,
2019-06-19 20:34:51 UTC,362,25.2000007629,52.0,,,,
2019-06-19 20:35:53 UTC,363,25.2000007629,52.0,,,,
2019-06-19 20:36:55 UTC,364,25.2000007629,51.5,,,,
2019-06-19 20:37:57 UTC,365,25.1000003815,51.5,,,,
2019-06-19 20:38:59 UTC,366,25.2000007629,51.2999992371,,,,
2019-06-19 20:40:02 UTC,367,25.2000007629,51.2999992371,,,,
2019-06-19 20:41:04 UTC,368,25.2000007629,51.2000007629,,,,
2019-06-19 20:42:06 UTC,369,25.2000007629,51.0,,,,
2019-06-19 20:43:08 UTC,370,25.2000007629,51.0,,,,
2019-06-19 20:44:10 UTC,371,25.2000007629,51.5,,,,
2019-06-19 20:45:12 UTC,372,25.2000007629,51.4000015259,,,,
2019-06-19 20:46:14 UTC,373,25.2000007629,51.5999984741,,,,
2019-06-19 20:47:17 UTC,374,25.2000007629,51.5,,,,
2019-06-19 20:48:19 UTC,375,25.2000007629,51.4000015259,,,,
2019-06-19 20:49:21 UTC,376,25.2000007629,51.2999992371,,,,
2019-06-19 20:50:23 UTC,377,25.1000003815,51.5,,,,
2019-06-19 20:51:25 UTC,378,25.2000007629,51.5,,,,
2019-06-19 20:52:27 UTC,379,25.2000007629,51.2999992371,,,,
2019-06-19 20:53:29 UTC,380,25.2000007629,51.0999984741,,,,
2019-06-19 20:54:32 UTC,381,25.2000007629,51.2000007629,,,,
2019-06-19 20:55:34 UTC,382,25.2000007629,51.0,,,,
2019-06-19 20:56:36 UTC,383,25.2000007629,51.0999984741,,,,
2019-06-19 20:57:38 UTC,384,25.2000007629,51.2000007629,,,,
2019-06-19 20:58:55 UTC,385,25.2000007629,50.7999992371,,,,
2019-06-19 21:00:06 UTC,386,25.2000007629,50.5999984741,,,,
2019-06-19 21:01:08 UTC,387,25.2000007629,50.4000015259,,,,
2019-06-19 21:02:11 UTC,388,25.2000007629,50.4000015259,,,,
2019-06-19 21:03:13 UTC,389,25.2000007629,50.4000015259,,,,
2019-06-19 21:04:15 UTC,390,25.2000007629,50.5,,,,
2019-06-19 21:05:17 UTC,391,25.2000007629,50.5,,,,
2019-06-19 21:06:19 UTC,392,25.2000007629,50.5999984741,,,,
2019-06-19 21:07:21 UTC,393,25.2000007629,50.5,,,,
2019-06-19 21:08:23 UTC,394,25.2000007629,50.5999984741,,,,
2019-06-19 21:09:25 UTC,395,25.2000007629,50.7000007629,,,,
2019-06-19 21:10:28 UTC,396,25.2000007629,50.5,,,,
2019-06-19 21:11:30 UTC,397,25.2000007629,50.4000015259,,,,
2019-06-19 21:12:32 UTC,398,25.2000007629,50.5,,,,
2019-06-19 21:13:34 UTC,399,25.2000007629,50.5,,,,
2019-06-19 21:14:37 UTC,400,25.2000007629,50.2000007629,,,,
2019-06-19 21:15:39 UTC,401,25.2000007629,50.0999984741,,,,
2019-06-19 21:16:41 UTC,402,25.2000007629,49.9000015259,,,,
2019-06-19 21:17:43 UTC,403,25.2000007629,49.7999992371,,,,
2019-06-19 21:18:45 UTC,404,25.2000007629,49.7999992371,,,,
2019-06-19 21:19:47 UTC,405,25.2000007629,50.0,,,,
2019-06-19 21:20:50 UTC,406,25.2000007629,49.9000015259,,,,
2019-06-19 21:21:52 UTC,407,25.2000007629,49.9000015259,,,,
2019-06-19 21:22:54 UTC,408,25.2000007629,50.0,,,,
2019-06-19 21:23:56 UTC,409,25.2000007629,50.0999984741,,,,
2019-06-19 21:24:58 UTC,410,25.1000003815,50.4000015259,,,,
2019-06-19 21:26:00 UTC,411,25.1000003815,50.5999984741,,,,
2019-06-19 21:27:02 UTC,412,25.1000003815,50.7000007629,,,,
2019-06-19 21:28:05 UTC,413,25.1000003815,50.9000015259,,,,
2019-06-19 21:29:07 UTC,414,25.1000003815,51.0999984741,,,,
2019-06-19 21:30:09 UTC,415,25.1000003815,51.0999984741,,,,
2019-06-19 21:31:11 UTC,416,25.1000003815,51.0,,,,
2019-06-19 21:32:13 UTC,417,25.2000007629,50.7999992371,,,,
2019-06-19 21:33:15 UTC,418,25.2000007629,50.4000015259,,,,
2019-06-19 21:34:17 UTC,419,25.2999992371,49.7999992371,,,,
2019-06-19 21:35:19 UTC,420,25.2000007629,49.7999992371,,,,
2019-06-19 21:36:21 UTC,421,25.2000007629,50.0999984741,,,,
2019-06-19 21:37:24 UTC,422,25.2000007629,50.0,,,,
2019-06-19 21:38:27 UTC,423,25.2000007629,50.0,,,,
2019-06-19 21:39:29 UTC,424,25.2000007629,50.2000007629,,,,
2019-06-19 21:40:31 UTC,425,25.2000007629,50.0999984741,,,,
2019-06-19 21:41:33 UTC,426,25.2000007629,49.7999992371,,,,
2019-06-19 21:42:35 UTC,427,25.2999992371,49.7999992371,,,,
2019-06-19 21:43:37 UTC,428,25.2000007629,49.7999992371,,,,
2019-06-19 21:44:39 UTC,429,25.2999992371,49.9000015259,,,,
2019-06-19 21:45:41 UTC,430,25.2999992371,49.9000015259,,,,
2019-06-19 21:46:43 UTC,431,25.2999992371,49.9000015259,,,,
2019-06-19 21:47:45 UTC,432,25.2000007629,49.9000015259,,,,
2019-06-19 21:48:47 UTC,433,25.2000007629,50.4000015259,,,,
2019-06-19 21:49:50 UTC,434,25.2000007629,50.7000007629,,,,
2019-06-19 21:50:52 UTC,435,25.2000007629,50.5999984741,,,,
2019-06-19 21:51:54 UTC,436,25.2000007629,50.5999984741,,,,
2019-06-19 21:52:56 UTC,437,25.2000007629,50.5999984741,,,,
2019-06-19 21:53:58 UTC,438,25.2000007629,50.7000007629,,,,
2019-06-19 21:55:00 UTC,439,25.2000007629,50.4000015259,,,,
2019-06-19 21:56:02 UTC,440,25.1000003815,50.5,,,,
2019-06-19 21:57:04 UTC,441,25.1000003815,50.5999984741,,,,
2019-06-19 21:58:06 UTC,442,25.2000007629,50.2999992371,,,,
2019-06-19 21:59:19 UTC,443,25.2000007629,50.4000015259,,,,
2019-06-19 22:00:21 UTC,444,25.2000007629,50.2999992371,,,,
2019-06-19 22:01:23 UTC,445,25.2000007629,50.4000015259,,,,
2019-06-19 22:02:25 UTC,446,25.2000007629,50.0999984741,,,,
2019-06-19 22:03:27 UTC,447,25.2000007629,49.5999984741,,,,
2019-06-19 22:04:30 UTC,448,25.2000007629,49.2999992371,,,,
2019-06-19 22:05:32 UTC,449,25.2000007629,49.0,,,,
2019-06-19 22:06:34 UTC,450,25.2000007629,48.5,,,,
2019-06-19 22:07:36 UTC,451,25.2000007629,48.2999992371,,,,
2019-06-19 22:08:38 UTC,452,25.2000007629,48.0999984741,,,,
2019-06-19 22:09:40 UTC,453,25.2000007629,48.0,,,,
2019-06-19 22:10:42 UTC,454,25.2000007629,47.7999992371,,,,
2019-06-19 22:11:44 UTC,455,25.2000007629,48.0999984741,,,,
2019-06-19 22:12:46 UTC,456,25.2000007629,48.2000007629,,,,
2019-06-19 22:13:48 UTC,457,25.2000007629,48.2999992371,,,,
2019-06-19 22:14:50 UTC,458,25.2000007629,48.0999984741,,,,
2019-06-19 22:15:53 UTC,459,25.2000007629,47.9000015259,,,,
2019-06-19 22:16:55 UTC,460,25.2000007629,47.5999984741,,,,
2019-06-19 22:17:57 UTC,461,25.2000007629,47.5,,,,
2019-06-19 22:18:59 UTC,462,25.2000007629,47.5999984741,,,,
2019-06-19 22:20:01 UTC,463,25.2000007629,47.5999984741,,,,
2019-06-19 22:21:03 UTC,464,25.2000007629,47.5999984741,,,,
2019-06-19 22:22:05 UTC,465,25.2000007629,47.5,,,,
2019-06-19 22:23:07 UTC,466,25.2000007629,47.4000015259,,,,
2019-06-19 22:24:09 UTC,467,25.2000007629,47.5,,,,
2019-06-19 22:25:11 UTC,468,25.1000003815,47.7000007629,,,,
2019-06-19 22:26:13 UTC,469,25.2000007629,47.4000015259,,,,
2019-06-19 22:27:15 UTC,470,25.1000003815,47.4000015259,,,,
2019-06-19 22:28:17 UTC,471,25.2000007629,47.2999992371,,,,
2019-06-19 22:29:20 UTC,472,25.2000007629,47.2999992371,,,,
2019-06-19 22:30:24 UTC,473,25.2000007629,47.0,,,,
2019-06-19 22:31:26 UTC,474,25.0,46.9000015259,,,,
2019-06-19 22:32:29 UTC,475,25.0,47.2999992371,,,,
2019-06-19 22:33:31 UTC,476,25.0,47.4000015259,,,,
2019-06-19 22:34:33 UTC,477,25.1000003815,47.0,,,,
2019-06-19 22:35:35 UTC,478,25.0,47.0999984741,,,,
2019-06-19 22:36:38 UTC,479,25.0,47.2999992371,,,,
2019-06-19 22:37:40 UTC,480,25.0,47.5,,,,
2019-06-19 22:38:42 UTC,481,25.1000003815,47.2000007629,,,,
2019-06-19 22:39:52 UTC,482,25.1000003815,46.9000015259,,,,
2019-06-19 22:40:54 UTC,483,25.1000003815,46.7000007629,,,,
2019-06-19 22:41:56 UTC,484,25.1000003815,46.5,,,,
2019-06-19 22:42:58 UTC,485,25.1000003815,46.5,,,,
2019-06-19 22:44:00 UTC,486,25.1000003815,46.2000007629,,,,
2019-06-19 22:45:02 UTC,487,25.1000003815,46.0,,,,
2019-06-19 22:46:07 UTC,488,25.1000003815,45.7999992371,,,,
2019-06-19 22:47:09 UTC,489,25.1000003815,45.5,,,,
2019-06-19 22:48:11 UTC,490,25.2000007629,45.4000015259,,,,
2019-06-19 22:49:13 UTC,491,25.2000007629,45.2000007629,,,,
2019-06-19 22:50:15 UTC,492,25.2000007629,45.0,,,,
2019-06-19 22:51:17 UTC,493,25.2000007629,45.0,,,,
2019-06-19 22:52:19 UTC,494,25.1000003815,44.7999992371,,,,
2019-06-19 22:53:22 UTC,495,25.2000007629,44.7000007629,,,,
2019-06-19 22:54:24 UTC,496,25.2000007629,44.4000015259,,,,
2019-06-19 22:55:26 UTC,497,25.2000007629,44.2000007629,,,,
2019-06-19 22:56:28 UTC,498,25.2000007629,44.2000007629,,,,
2019-06-19 22:57:30 UTC,499,25.2000007629,44.0,,,,
2019-06-19 22:58:32 UTC,500,25.2999992371,43.7999992371,,,,
2019-06-19 22:59:35 UTC,501,25.2000007629,43.9000015259,,,,
2019-06-19 23:00:37 UTC,502,25.2000007629,43.7000007629,,,,
2019-06-19 23:01:39 UTC,503,25.2000007629,43.7000007629,,,,
2019-06-19 23:02:41 UTC,504,25.2000007629,43.7999992371,,,,
2019-06-19 23:03:43 UTC,505,25.2000007629,43.9000015259,,,,
2019-06-19 23:04:45 UTC,506,25.2000007629,44.0999984741,,,,
2019-06-19 23:05:47 UTC,507,25.1000003815,44.5,,,,
2019-06-19 23:06:49 UTC,508,25.1000003815,44.5999984741,,,,
2019-06-19 23:07:51 UTC,509,25.1000003815,44.5999984741,,,,
2019-06-19 23:08:53 UTC,510,25.1000003815,44.9000015259,,,,
2019-06-19 23:09:56 UTC,511,25.1000003815,45.2000007629,,,,
2019-06-19 23:10:58 UTC,512,25.1000003815,45.5,,,,
2019-06-19 23:12:00 UTC,513,25.1000003815,45.7999992371,,,,
2019-06-19 23:13:02 UTC,514,25.2000007629,45.7000007629,,,,
2019-06-19 23:14:04 UTC,515,25.2000007629,45.0,,,,
2019-06-19 23:15:06 UTC,516,25.1000003815,45.2000007629,,,,
2019-06-19 23:16:08 UTC,517,25.2000007629,45.2000007629,,,,
2019-06-19 23:17:10 UTC,518,25.2000007629,45.2000007629,,,,
2019-06-19 23:18:12 UTC,519,25.2000007629,45.2000007629,,,,
2019-06-19 23:19:14 UTC,520,25.2000007629,44.7999992371,,,,
2019-06-19 23:20:16 UTC,521,25.2000007629,44.5999984741,,,,
2019-06-19 23:21:19 UTC,522,25.1000003815,45.0,,,,
2019-06-19 23:22:21 UTC,523,25.1000003815,45.2999992371,,,,
2019-06-19 23:23:23 UTC,524,25.1000003815,45.5,,,,
2019-06-19 23:24:25 UTC,525,25.1000003815,45.2999992371,,,,
2019-06-19 23:25:27 UTC,526,25.1000003815,45.4000015259,,,,
2019-06-19 23:26:29 UTC,527,25.1000003815,45.2999992371,,,,
2019-06-19 23:27:31 UTC,528,25.1000003815,45.2999992371,,,,
2019-06-19 23:28:33 UTC,529,25.0,45.5999984741,,,,
2019-06-19 23:29:35 UTC,530,25.0,45.7000007629,,,,
2019-06-19 23:30:37 UTC,531,25.0,45.7000007629,,,,
2019-06-19 23:31:39 UTC,532,25.0,46.0999984741,,,,
2019-06-19 23:32:41 UTC,533,25.0,46.2000007629,,,,
2019-06-19 23:33:44 UTC,534,25.0,46.2000007629,,,,
2019-06-19 23:34:46 UTC,535,25.0,46.2000007629,,,,
2019-06-19 23:35:48 UTC,536,25.0,46.2000007629,,,,
2019-06-19 23:36:50 UTC,537,25.0,46.2000007629,,,,
2019-06-19 23:37:52 UTC,538,25.0,46.2999992371,,,,
2019-06-19 23:38:54 UTC,539,25.0,46.4000015259,,,,
2019-06-19 23:39:56 UTC,540,25.0,46.2999992371,,,,
2019-06-19 23:40:59 UTC,541,25.1000003815,46.2000007629,,,,
2019-06-19 23:42:01 UTC,542,25.1000003815,46.2000007629,,,,
2019-06-19 23:43:05 UTC,543,25.0,46.2000007629,,,,
2019-06-19 23:44:07 UTC,544,25.0,46.2000007629,,,,
2019-06-19 23:45:10 UTC,545,25.0,46.5999984741,,,,
2019-06-19 23:46:12 UTC,546,25.0,46.7000007629,,,,
2019-06-19 23:47:14 UTC,547,25.0,46.9000015259,,,,
2019-06-19 23:48:16 UTC,548,25.0,47.0,,,,
2019-06-19 23:49:18 UTC,549,25.0,47.0999984741,,,,
2019-06-19 23:50:20 UTC,550,25.0,47.2999992371,,,,
2019-06-19 23:51:23 UTC,551,25.0,47.2999992371,,,,
2019-06-19 23:52:25 UTC,552,25.0,47.2999992371,,,,
2019-06-19 23:53:27 UTC,553,25.0,47.0999984741,,,,
2019-06-19 23:54:30 UTC,554,24.8999996185,47.5,,,,
2019-06-19 23:55:34 UTC,555,24.8999996185,47.7999992371,,,,
2019-06-19 23:56:36 UTC,556,25.0,48.0,,,,
2019-06-19 23:57:38 UTC,557,25.0,48.0,,,,
2019-06-19 23:58:40 UTC,558,25.0,48.0999984741,,,,
2019-06-19 23:59:42 UTC,559,25.0,48.0999984741,,,,
2019-06-20 00:00:45 UTC,560,25.0,48.2999992371,,,,
2019-06-20 00:01:47 UTC,561,25.0,47.9000015259,,,,
2019-06-20 00:02:49 UTC,562,25.0,47.7000007629,,,,
2019-06-20 00:03:56 UTC,563,25.1000003815,47.7000007629,,,,
2019-06-20 00:04:58 UTC,564,25.1000003815,47.2999992371,,,,
2019-06-20 00:06:00 UTC,565,25.1000003815,47.4000015259,,,,
2019-06-20 00:07:02 UTC,566,25.1000003815,47.5,,,,
2019-06-20 00:08:04 UTC,567,25.1000003815,47.5,,,,
2019-06-20 00:09:07 UTC,568,25.1000003815,47.5999984741,,,,
2019-06-20 00:10:09 UTC,569,25.0,47.5999984741,,,,
2019-06-20 00:11:11 UTC,570,25.0,47.5999984741,,,,
2019-06-20 00:12:13 UTC,571,25.1000003815,47.5999984741,,,,
2019-06-20 00:13:15 UTC,572,25.1000003815,47.5,,,,
2019-06-20 00:14:17 UTC,573,25.1000003815,47.5,,,,
2019-06-20 00:15:19 UTC,574,25.1000003815,47.7000007629,,,,
2019-06-20 00:16:21 UTC,575,25.1000003815,47.5999984741,,,,
2019-06-20 00:17:23 UTC,576,25.1000003815,47.2999992371,,,,
2019-06-20 00:18:25 UTC,577,25.2000007629,46.7999992371,,,,
2019-06-20 00:19:27 UTC,578,25.1000003815,46.7999992371,,,,
2019-06-20 00:20:29 UTC,579,25.2000007629,46.7000007629,,,,
2019-06-20 00:21:32 UTC,580,25.1000003815,46.7999992371,,,,
2019-06-20 00:22:34 UTC,581,25.1000003815,46.7999992371,,,,
2019-06-20 00:23:36 UTC,582,25.1000003815,46.9000015259,,,,
2019-06-20 00:24:38 UTC,583,25.1000003815,47.0,,,,
2019-06-20 00:25:40 UTC,584,25.1000003815,47.0999984741,,,,
2019-06-20 00:26:42 UTC,585,25.1000003815,47.0,,,,
2019-06-20 00:27:44 UTC,586,25.1000003815,47.0,,,,
2019-06-20 00:28:46 UTC,587,25.1000003815,47.0,,,,
2019-06-20 00:29:48 UTC,588,25.1000003815,46.7999992371,,,,
2019-06-20 00:30:50 UTC,589,25.1000003815,47.0,,,,
2019-06-20 00:31:53 UTC,590,25.1000003815,47.0,,,,
2019-06-20 00:32:55 UTC,591,25.1000003815,47.2000007629,,,,
2019-06-20 00:33:57 UTC,592,25.2000007629,47.0999984741,,,,
2019-06-20 00:34:59 UTC,593,25.2000007629,47.0999984741,,,,
2019-06-20 00:36:01 UTC,594,25.2000007629,47.0,,,,
2019-06-20 00:37:03 UTC,595,25.2000007629,47.2999992371,,,,
2019-06-20 00:38:05 UTC,596,25.2999992371,46.9000015259,,,,
2019-06-20 00:39:07 UTC,597,25.2000007629,46.7999992371,,,,
2019-06-20 00:40:10 UTC,598,25.2999992371,46.2999992371,,,,
2019-06-20 00:41:12 UTC,599,25.2999992371,46.0,,,,
2019-06-20 00:42:14 UTC,600,25.2000007629,45.9000015259,,,,
2019-06-20 00:43:16 UTC,601,25.2999992371,45.7999992371,,,,
2019-06-20 00:44:18 UTC,602,25.2000007629,46.0999984741,,,,
2019-06-20 00:45:20 UTC,603,25.2000007629,46.4000015259,,,,
2019-06-20 00:46:22 UTC,604,25.2000007629,46.5,,,,
2019-06-20 00:47:24 UTC,605,25.2999992371,46.5999984741,,,,
2019-06-20 00:48:26 UTC,606,25.2000007629,46.5999984741,,,,
2019-06-20 00:49:28 UTC,607,25.2999992371,46.5999984741,,,,
2019-06-20 00:50:31 UTC,608,25.2000007629,46.5,,,,
2019-06-20 00:51:33 UTC,609,25.2000007629,46.4000015259,,,,
2019-06-20 00:52:35 UTC,610,25.2000007629,46.2000007629,,,,
2019-06-20 00:53:37 UTC,611,25.2000007629,46.2000007629,,,,
2019-06-20 00:54:39 UTC,612,25.2000007629,46.2000007629,,,,
2019-06-20 00:55:41 UTC,613,25.2999992371,46.2000007629,,,,
2019-06-20 00:56:43 UTC,614,25.2000007629,46.0,,,,
2019-06-20 00:57:46 UTC,615,25.2000007629,45.7999992371,,,,
2019-06-20 00:58:48 UTC,616,25.2000007629,45.7999992371,,,,
2019-06-20 00:59:50 UTC,617,25.2999992371,45.5999984741,,,,
2019-06-20 01:00:52 UTC,618,25.2999992371,45.5,,,,
2019-06-20 01:01:57 UTC,619,25.2999992371,45.5999984741,,,,
2019-06-20 01:03:01 UTC,620,25.2999992371,45.5,,,,
2019-06-20 01:04:03 UTC,621,25.2999992371,45.2999992371,,,,
2019-06-20 01:05:08 UTC,622,25.2999992371,45.4000015259,,,,
2019-06-20 01:06:10 UTC,623,25.2999992371,45.2999992371,,,,
2019-06-20 01:07:12 UTC,624,25.2999992371,45.4000015259,,,,
2019-06-20 01:08:14 UTC,625,25.2999992371,45.5,,,,
2019-06-20 01:09:16 UTC,626,25.2999992371,45.5999984741,,,,
2019-06-20 01:10:19 UTC,627,25.2999992371,45.5999984741,,,,
2019-06-20 01:11:21 UTC,628,25.3999996185,45.5,,,,
2019-06-20 01:12:26 UTC,629,25.2999992371,45.5,,,,
2019-06-20 01:13:28 UTC,630,25.3999996185,45.7999992371,,,,
2019-06-20 01:14:30 UTC,631,25.2999992371,46.2000007629,,,,
2019-06-20 01:15:32 UTC,632,25.2999992371,46.5999984741,,,,
2019-06-20 01:16:34 UTC,633,25.2999992371,46.5,,,,
2019-06-20 01:17:36 UTC,634,25.3999996185,46.2000007629,,,,
2019-06-20 01:18:38 UTC,635,25.3999996185,46.2000007629,,,,
2019-06-20 01:19:40 UTC,636,25.3999996185,46.0,,,,
2019-06-20 01:20:42 UTC,637,25.3999996185,46.0999984741,,,,
2019-06-20 01:21:47 UTC,638,25.3999996185,46.0,,,,
2019-06-20 01:22:49 UTC,639,25.3999996185,46.2000007629,,,,
2019-06-20 01:23:51 UTC,640,25.3999996185,46.2000007629,,,,
2019-06-20 01:24:53 UTC,641,25.3999996185,46.2000007629,,,,
2019-06-20 01:25:56 UTC,642,25.3999996185,46.2000007629,,,,
2019-06-20 01:26:58 UTC,643,25.3999996185,46.2000007629,,,,
2019-06-20 01:28:01 UTC,644,25.3999996185,46.2000007629,,,,
2019-06-20 01:29:05 UTC,645,25.3999996185,46.0,,,,
2019-06-20 01:30:07 UTC,646,25.3999996185,46.0999984741,,,,
2019-06-20 01:31:10 UTC,647,25.3999996185,46.0,,,,
2019-06-20 01:32:12 UTC,648,25.3999996185,46.2000007629,,,,
2019-06-20 01:33:16 UTC,649,25.3999996185,46.2000007629,,,,
2019-06-20 01:34:19 UTC,650,25.3999996185,46.2999992371,,,,
2019-06-20 01:35:21 UTC,651,25.3999996185,46.5,,,,
2019-06-20 01:36:25 UTC,652,25.3999996185,46.7000007629,,,,
2019-06-20 01:37:30 UTC,653,25.3999996185,47.2000007629,,,,
2019-06-20 01:38:32 UTC,654,25.3999996185,47.0,,,,
2019-06-20 01:39:34 UTC,655,25.3999996185,46.7999992371,,,,
2019-06-20 01:40:36 UTC,656,25.5,46.5,,,,
2019-06-20 01:41:42 UTC,657,25.5,46.5,,,,
2019-06-20 01:42:49 UTC,658,25.5,46.4000015259,,,,
2019-06-20 01:43:52 UTC,659,25.5,46.4000015259,,,,
2019-06-20 01:44:59 UTC,660,25.5,46.7000007629,,,,
2019-06-20 01:46:02 UTC,661,25.5,47.4000015259,,,,
2019-06-20 01:47:04 UTC,662,25.6000003815,47.5,,,,
2019-06-20 01:48:06 UTC,663,25.6000003815,47.0,,,,
2019-06-20 01:49:08 UTC,664,25.6000003815,47.0,,,,
2019-06-20 01:50:10 UTC,665,25.6000003815,47.0,,,,
2019-06-20 01:51:13 UTC,666,25.6000003815,46.7000007629,,,,
2019-06-20 01:52:15 UTC,667,25.5,47.0,,,,
2019-06-20 01:53:17 UTC,668,25.5,46.9000015259,,,,
2019-06-20 01:54:19 UTC,669,25.5,47.0,,,,
2019-06-20 01:55:21 UTC,670,25.6000003815,47.2000007629,,,,
2019-06-20 01:56:23 UTC,671,25.6000003815,47.2999992371,,,,
2019-06-20 01:57:26 UTC,672,25.6000003815,47.2999992371,,,,
2019-06-20 01:58:28 UTC,673,25.6000003815,47.4000015259,,,,
2019-06-20 01:59:33 UTC,674,25.6000003815,47.4000015259,,,,
2019-06-20 02:01:22 UTC,675,25.6000003815,48.5999984741,,,,
2019-06-20 02:01:52 UTC,676,25.7000007629,47.7000007629,,,,
2019-06-20 02:02:24 UTC,677,25.7000007629,47.7000007629,,,,
2019-06-20 02:03:01 UTC,678,25.7000007629,48.4000015259,,,,
2019-06-20 02:03:34 UTC,679,25.7000007629,47.2999992371,,,,
2019-06-20 02:04:07 UTC,680,25.7000007629,47.4000015259,,,,
2019-06-20 02:04:40 UTC,681,25.7000007629,47.2999992371,,,,
2019-06-20 02:05:12 UTC,682,25.6000003815,47.5,,,,
2019-06-20 02:05:44 UTC,683,25.6000003815,47.5999984741,,,,
2019-06-20 02:06:17 UTC,684,25.6000003815,47.7000007629,,,,
2019-06-20 02:06:49 UTC,685,25.6000003815,47.7999992371,,,,
2019-06-20 02:07:27 UTC,686,25.6000003815,47.9000015259,,,,
2019-06-20 02:08:06 UTC,687,25.6000003815,48.0,,,,
2019-06-20 02:08:59 UTC,688,25.6000003815,49.0999984741,,,,
2019-06-20 02:10:07 UTC,689,25.7000007629,47.7999992371,,,,
2019-06-20 02:11:09 UTC,690,25.7000007629,47.7000007629,,,,
2019-06-20 02:12:11 UTC,691,25.7000007629,47.9000015259,,,,
2019-06-20 02:13:14 UTC,692,25.6000003815,47.7000007629,,,,
2019-06-20 02:14:17 UTC,693,25.7000007629,47.7000007629,,,,
2019-06-20 02:15:19 UTC,694,25.7000007629,47.7999992371,,,,
2019-06-20 02:16:22 UTC,695,25.7000007629,47.5,,,,
2019-06-20 02:17:27 UTC,696,25.7000007629,46.9000015259,,,,
2019-06-20 02:18:33 UTC,697,25.6000003815,46.9000015259,,,,
2019-06-20 02:19:36 UTC,698,25.6000003815,47.5,,,,
2019-06-20 02:20:38 UTC,699,25.7000007629,47.2999992371,,,,
2019-06-20 02:21:41 UTC,700,25.7000007629,47.0999984741,,,,
2019-06-20 02:22:43 UTC,701,25.6000003815,47.2000007629,,,,
2019-06-20 02:23:45 UTC,702,25.6000003815,47.0,,,,
2019-06-20 02:24:48 UTC,703,25.7000007629,46.7000007629,,,,
2019-06-20 02:25:50 UTC,704,25.7000007629,46.5999984741,,,,
2019-06-20 02:26:53 UTC,705,25.7000007629,45.7999992371,,,,
2019-06-20 02:27:55 UTC,706,25.7000007629,46.5,,,,
2019-06-20 02:28:59 UTC,707,25.7000007629,45.5,,,,
2019-06-20 02:30:02 UTC,708,25.7000007629,45.0999984741,,,,
2019-06-20 02:31:13 UTC,709,25.7000007629,45.7000007629,,,,
2019-06-20 02:32:20 UTC,710,25.7000007629,45.0999984741,,,,
2019-06-20 02:33:32 UTC,711,25.7000007629,45.7999992371,,,,
2019-06-20 02:34:37 UTC,712,25.7999992371,45.9000015259,,,,
2019-06-20 02:35:39 UTC,713,25.7000007629,46.2000007629,,,,
2019-06-20 02:36:44 UTC,714,25.7000007629,46.2999992371,,,,
2019-06-20 02:37:47 UTC,715,25.7000007629,46.5,,,,
2019-06-20 02:38:49 UTC,716,25.7000007629,45.2000007629,,,,
2019-06-20 02:40:10 UTC,717,25.7999992371,45.7000007629,,,,
2019-06-20 02:41:13 UTC,718,25.7999992371,45.5,,,,
2019-06-20 02:42:15 UTC,719,25.7000007629,45.9000015259,,,,
2019-06-20 02:43:18 UTC,720,25.7999992371,46.2000007629,,,,
2019-06-20 02:44:23 UTC,721,25.7000007629,46.2000007629,,,,
2019-06-20 02:45:36 UTC,722,25.7999992371,45.5,,,,
2019-06-20 02:46:38 UTC,723,25.7000007629,45.0,,,,
2019-06-20 02:47:42 UTC,724,25.7000007629,45.0999984741,,,,
2019-06-20 02:48:44 UTC,725,25.7000007629,44.7000007629,,,,
2019-06-20 02:49:47 UTC,726,25.7000007629,44.5,,,,
2019-06-20 02:50:50 UTC,727,25.7000007629,44.4000015259,,,,
2019-06-20 02:51:52 UTC,728,25.7000007629,44.2999992371,,,,
2019-06-20 02:52:54 UTC,729,25.7000007629,44.2999992371,,,,
2019-06-20 02:53:57 UTC,730,25.7000007629,44.2000007629,,,,
2019-06-20 02:55:00 UTC,731,25.7000007629,44.2000007629,,,,
2019-06-20 02:56:02 UTC,732,25.7000007629,44.2999992371,,,,
2019-06-20 02:57:04 UTC,733,25.7000007629,44.2000007629,,,,
2019-06-20 02:58:08 UTC,734,25.7000007629,44.0,,,,
2019-06-20 02:59:11 UTC,735,25.7000007629,43.7999992371,,,,
2019-06-20 03:00:28 UTC,736,25.7000007629,43.9000015259,,,,
2019-06-20 03:01:35 UTC,737,25.7000007629,43.5999984741,,,,
2019-06-20 03:02:38 UTC,738,25.7999992371,43.2000007629,,,,
2019-06-20 03:03:41 UTC,739,25.7000007629,42.5,,,,
2019-06-20 03:04:43 UTC,740,25.7000007629,42.0,,,,
2019-06-20 03:05:46 UTC,741,25.7000007629,41.4000015259,,,,
2019-06-20 03:06:57 UTC,742,25.7000007629,41.5999984741,,,,
2019-06-20 03:08:01 UTC,743,25.7000007629,41.5,,,,
2019-06-20 03:09:10 UTC,744,25.7000007629,41.4000015259,,,,
2019-06-20 03:10:13 UTC,745,25.7000007629,41.5999984741,,,,
2019-06-20 03:11:18 UTC,746,25.7000007629,41.7999992371,,,,
2019-06-20 03:12:21 UTC,747,25.7000007629,42.0,,,,
2019-06-20 03:13:24 UTC,748,25.7999992371,41.2999992371,,,,
2019-06-20 03:14:27 UTC,749,25.7999992371,41.4000015259,,,,
2019-06-20 03:15:30 UTC,750,25.7000007629,41.0999984741,,,,
2019-06-20 03:16:33 UTC,751,25.7000007629,41.4000015259,,,,
2019-06-20 03:17:35 UTC,752,25.7000007629,41.5999984741,,,,
2019-06-20 03:18:38 UTC,753,25.7000007629,41.5999984741,,,,
2019-06-20 03:19:40 UTC,754,25.7000007629,42.0999984741,,,,
2019-06-20 03:20:44 UTC,755,25.7000007629,41.9000015259,,,,
2019-06-20 03:21:46 UTC,756,25.7000007629,41.2999992371,,,,
2019-06-20 03:22:48 UTC,757,25.6000003815,41.2999992371,,,,
2019-06-20 03:23:52 UTC,758,25.7000007629,41.0999984741,,,,
2019-06-20 03:24:58 UTC,759,25.7000007629,41.0,,,,
2019-06-20 03:26:01 UTC,760,25.7000007629,40.9000015259,,,,
2019-06-20 03:27:04 UTC,761,25.7000007629,40.4000015259,,,,
2019-06-20 03:28:08 UTC,762,25.7000007629,40.4000015259,,,,
2019-06-20 03:29:11 UTC,763,25.7000007629,41.0999984741,,,,
2019-06-20 03:30:13 UTC,764,25.7000007629,40.2999992371,,,,
2019-06-20 03:31:24 UTC,765,25.7000007629,39.9000015259,,,,
2019-06-20 03:32:27 UTC,766,25.7000007629,39.2000007629,,,,
2019-06-20 03:33:31 UTC,767,25.7000007629,39.0,,,,
2019-06-20 03:34:35 UTC,768,25.7000007629,38.7000007629,,,,
2019-06-20 03:35:37 UTC,769,25.7000007629,39.0,,,,
2019-06-20 03:36:40 UTC,770,25.7000007629,39.0,,,,
2019-06-20 03:37:49 UTC,771,25.7999992371,38.7000007629,,,,
2019-06-20 03:38:53 UTC,772,25.7000007629,39.0,,,,
2019-06-20 03:39:59 UTC,773,25.7000007629,38.5,,,,
2019-06-20 03:41:05 UTC,774,25.7000007629,38.5999984741,,,,
2019-06-20 03:42:07 UTC,775,25.7000007629,38.5999984741,,,,
2019-06-20 03:43:09 UTC,776,25.7000007629,39.2999992371,,,,
2019-06-20 03:44:13 UTC,777,25.7999992371,38.7999992371,,,,
2019-06-20 03:45:39 UTC,778,25.7999992371,38.7000007629,,,,
2019-06-20 03:46:42 UTC,779,25.7999992371,38.4000015259,,,,
2019-06-20 03:47:48 UTC,780,25.7999992371,38.7999992371,,,,
2019-06-20 03:48:56 UTC,781,25.7999992371,38.7000007629,,,,
2019-06-20 03:50:02 UTC,782,25.7999992371,38.5,,,,
2019-06-20 03:51:04 UTC,783,25.7999992371,38.2000007629,,,,
2019-06-20 03:52:06 UTC,784,25.7999992371,38.2999992371,,,,
2019-06-20 03:53:09 UTC,785,25.7999992371,38.4000015259,,,,
2019-06-20 03:54:12 UTC,786,25.7999992371,38.5,,,,
2019-06-20 03:55:15 UTC,787,25.7999992371,38.9000015259,,,,
2019-06-20 03:56:29 UTC,788,25.7999992371,38.9000015259,,,,
2019-06-20 03:57:41 UTC,789,25.7999992371,38.7999992371,,,,
2019-06-20 03:58:44 UTC,790,25.7999992371,38.7999992371,,,,
2019-06-20 03:59:46 UTC,791,25.7999992371,38.5,,,,
2019-06-20 04:00:53 UTC,792,25.8999996185,38.5999984741,,,,
2019-06-20 04:01:57 UTC,793,25.8999996185,38.7999992371,,,,
2019-06-20 04:02:59 UTC,794,25.7999992371,38.9000015259,,,,
2019-06-20 04:04:01 UTC,795,25.7999992371,38.7999992371,,,,
2019-06-20 04:05:04 UTC,796,25.8999996185,38.7999992371,,,,
2019-06-20 04:06:09 UTC,797,25.8999996185,39.0,,,,
2019-06-20 04:07:11 UTC,798,25.7999992371,38.9000015259,,,,
2019-06-20 04:08:16 UTC,799,25.7999992371,38.7999992371,,,,
2019-06-20 04:09:18 UTC,800,25.8999996185,39.2000007629,,,,
2019-06-20 04:10:20 UTC,801,25.7999992371,39.0999984741,,,,
2019-06-20 04:11:28 UTC,802,27.5,91.5999984741,,,,
2019-06-20 04:12:30 UTC,803,26.7000007629,39.7999992371,,,,
2019-06-20 04:13:34 UTC,804,26.3999996185,37.9000015259,,,,
2019-06-20 04:14:45 UTC,805,26.2999992371,38.5,,,,
2019-06-20 04:15:47 UTC,806,26.2000007629,38.9000015259,,,,
2019-06-20 04:16:55 UTC,807,26.0,39.2999992371,,,,
2019-06-20 04:17:58 UTC,808,26.0,39.7999992371,,,,
2019-06-20 04:19:16 UTC,809,26.0,40.0999984741,,,,
2019-06-20 04:20:24 UTC,810,26.0,40.2999992371,,,,
2019-06-20 04:21:28 UTC,811,26.0,40.2999992371,,,,
2019-06-20 04:22:31 UTC,812,26.0,40.2999992371,,,,
2019-06-20 04:23:34 UTC,813,26.1000003815,40.2999992371,,,,
2019-06-20 04:24:36 UTC,814,26.1000003815,40.0999984741,,,,
2019-06-20 04:25:38 UTC,815,26.0,40.2999992371,,,,
2019-06-20 04:26:46 UTC,816,26.0,40.7999992371,,,,
2019-06-20 04:28:05 UTC,817,26.0,40.9000015259,,,,
2019-06-20 04:29:09 UTC,818,25.8999996185,40.5999984741,,,,
2019-06-20 04:30:11 UTC,819,26.0,41.4000015259,,,,
2019-06-20 04:31:14 UTC,820,25.8999996185,40.7999992371,,,,
2019-06-20 04:32:16 UTC,821,26.0,41.5999984741,,,,
2019-06-20 04:33:19 UTC,822,26.0,41.9000015259,,,,
2019-06-20 04:34:21 UTC,823,26.0,41.7000007629,,,,
2019-06-20 04:35:24 UTC,824,26.1000003815,41.5,,,,
2019-06-20 04:36:32 UTC,825,26.0,41.2000007629,,,,
2019-06-20 04:37:34 UTC,826,26.0,41.5999984741,,,,
2019-06-20 04:38:46 UTC,827,26.0,41.5999984741,,,,
2019-06-20 04:39:55 UTC,828,26.0,42.0999984741,,,,
2019-06-20 04:40:57 UTC,829,26.0,41.9000015259,,,,
2019-06-20 04:41:59 UTC,830,26.1000003815,41.5999984741,,,,
2019-06-20 04:43:01 UTC,831,26.0,41.4000015259,,,,
2019-06-20 04:44:08 UTC,832,26.0,41.7000007629,,,,
2019-06-20 04:45:10 UTC,833,26.0,41.7999992371,,,,
2019-06-20 04:46:12 UTC,834,26.0,41.5,,,,
2019-06-20 04:47:15 UTC,835,26.1000003815,41.4000015259,,,,
2019-06-20 04:48:17 UTC,836,26.1000003815,41.0999984741,,,,
2019-06-20 04:49:20 UTC,837,26.1000003815,40.5,,,,
2019-06-20 04:50:24 UTC,838,26.1000003815,40.9000015259,,,,
2019-06-20 04:51:27 UTC,839,26.0,41.7000007629,,,,
2019-06-20 04:52:29 UTC,840,26.1000003815,41.7000007629,,,,
2019-06-20 04:53:31 UTC,841,26.0,41.9000015259,,,,
2019-06-20 04:54:35 UTC,842,26.0,42.2000007629,,,,
2019-06-20 04:55:37 UTC,843,26.1000003815,41.7999992371,,,,
2019-06-20 04:56:40 UTC,844,26.0,41.9000015259,,,,
2019-06-20 04:57:42 UTC,845,26.0,41.9000015259,,,,
2019-06-20 04:58:44 UTC,846,26.0,42.0,,,,
2019-06-20 04:59:47 UTC,847,26.0,42.0999984741,,,,
2019-06-20 05:00:56 UTC,848,26.0,42.7000007629,,,,
2019-06-20 05:02:00 UTC,849,26.0,43.2999992371,,,,
2019-06-20 05:03:02 UTC,850,26.0,43.5,,,,
2019-06-20 05:04:04 UTC,851,26.0,43.9000015259,,,,
2019-06-20 05:05:07 UTC,852,26.0,43.9000015259,,,,
2019-06-20 05:06:09 UTC,853,26.0,44.2000007629,,,,
2019-06-20 05:07:16 UTC,854,26.0,44.5999984741,,,,
2019-06-20 05:08:19 UTC,855,26.0,45.0,,,,
2019-06-20 05:09:21 UTC,856,26.0,45.2000007629,,,,
2019-06-20 05:10:26 UTC,857,26.0,45.2000007629,,,,
2019-06-20 05:11:32 UTC,858,26.0,45.2000007629,,,,
2019-06-20 05:12:40 UTC,859,26.0,45.2999992371,,,,
2019-06-20 05:13:43 UTC,860,26.0,45.5999984741,,,,
2019-06-20 05:14:54 UTC,861,26.0,45.2000007629,,,,
2019-06-20 05:15:57 UTC,862,26.0,45.2000007629,,,,
2019-06-20 05:16:59 UTC,863,26.0,45.0999984741,,,,
2019-06-20 05:18:01 UTC,864,26.0,45.4000015259,,,,
2019-06-20 05:19:03 UTC,865,25.8999996185,45.0999984741,,,,
2019-06-20 05:20:07 UTC,866,26.0,45.7999992371,,,,
2019-06-20 05:21:10 UTC,867,26.0,45.7000007629,,,,
2019-06-20 05:22:13 UTC,868,26.0,45.7000007629,,,,
2019-06-20 05:23:17 UTC,869,26.0,45.9000015259,,,,
2019-06-20 05:24:19 UTC,870,26.0,45.4000015259,,,,
2019-06-20 05:25:21 UTC,871,26.0,45.5,,,,
2019-06-20 05:26:24 UTC,872,26.0,45.7000007629,,,,
2019-06-20 05:27:27 UTC,873,26.1000003815,45.4000015259,,,,
2019-06-20 05:28:30 UTC,874,26.2000007629,45.2000007629,,,,
2019-06-20 05:29:36 UTC,875,26.1000003815,44.7999992371,,,,
2019-06-20 05:30:46 UTC,876,26.1000003815,44.2999992371,,,,
2019-06-20 05:31:48 UTC,877,26.1000003815,44.0999984741,,,,
2019-06-20 05:32:52 UTC,878,26.0,43.9000015259,,,,
2019-06-20 05:33:54 UTC,879,26.0,43.5999984741,,,,
2019-06-20 05:34:56 UTC,880,26.0,43.5,,,,
2019-06-20 05:36:03 UTC,881,26.0,43.0999984741,,,,
2019-06-20 05:37:09 UTC,882,26.1000003815,42.9000015259,,,,
2019-06-20 05:38:25 UTC,883,26.1000003815,42.9000015259,,,,
2019-06-20 05:39:28 UTC,884,26.1000003815,42.9000015259,,,,
2019-06-20 05:40:39 UTC,885,26.1000003815,44.2000007629,,,,
2019-06-20 05:41:56 UTC,886,26.1000003815,43.9000015259,,,,
2019-06-20 06:25:09 UTC,887,26.3999996185,46.4000015259,,,,
2019-06-20 06:25:55 UTC,888,26.2999992371,46.0,,,,
2019-06-20 06:26:58 UTC,889,26.2999992371,45.7000007629,,,,
2019-06-20 06:28:02 UTC,890,26.2999992371,45.7000007629,,,,
2019-06-20 06:29:04 UTC,891,26.2999992371,45.7000007629,,,,
2019-06-20 06:30:11 UTC,892,26.2999992371,44.7000007629,,,,
2019-06-20 06:31:14 UTC,893,26.2999992371,44.7999992371,,,,
2019-06-20 06:32:19 UTC,894,26.2999992371,44.5,,,,
2019-06-20 06:33:24 UTC,895,26.2999992371,44.5,,,,
2019-06-20 06:34:26 UTC,896,26.2999992371,44.2999992371,,,,
2019-06-20 06:35:30 UTC,897,26.3999996185,44.5,,,,
2019-06-20 06:36:32 UTC,898,26.2999992371,44.7000007629,,,,
2019-06-20 06:37:35 UTC,899,26.2999992371,44.7000007629,,,,
2019-06-20 06:38:37 UTC,900,26.2999992371,45.4000015259,,,,
2019-06-20 06:39:40 UTC,901,26.2999992371,46.7000007629,,,,
2019-06-20 06:40:43 UTC,902,26.3999996185,45.9000015259,,,,
2019-06-20 06:41:48 UTC,903,26.3999996185,45.4000015259,,,,
2019-06-20 06:42:53 UTC,904,26.3999996185,45.0999984741,,,,
2019-06-20 06:43:55 UTC,905,26.3999996185,46.0,,,,
2019-06-20 06:44:57 UTC,906,26.3999996185,46.0999984741,,,,
2019-06-20 06:46:00 UTC,907,26.3999996185,45.5999984741,,,,
2019-06-20 06:47:02 UTC,908,26.3999996185,45.7000007629,,,,
2019-06-20 06:48:04 UTC,909,26.3999996185,45.7999992371,,,,
2019-06-20 06:49:09 UTC,910,26.3999996185,45.7000007629,,,,
2019-06-20 06:50:11 UTC,911,26.3999996185,45.5,,,,
2019-06-20 06:51:13 UTC,912,26.3999996185,45.5,,,,
2019-06-20 06:52:15 UTC,913,26.3999996185,45.5,,,,
2019-06-20 06:53:19 UTC,914,26.5,45.4000015259,,,,
2019-06-20 06:54:21 UTC,915,26.3999996185,44.9000015259,,,,
2019-06-20 06:55:24 UTC,916,26.5,45.0999984741,,,,
2019-06-20 06:56:27 UTC,917,26.3999996185,44.5999984741,,,,
2019-06-20 06:57:29 UTC,918,26.3999996185,44.4000015259,,,,
2019-06-20 06:58:31 UTC,919,26.3999996185,44.2999992371,,,,
2019-06-20 06:59:33 UTC,920,26.5,44.0999984741,,,,
2019-06-20 07:00:36 UTC,921,26.3999996185,44.2000007629,,,,
2019-06-20 07:01:38 UTC,922,26.5,44.2000007629,,,,
2019-06-20 07:02:40 UTC,923,26.5,44.5,,,,
2019-06-20 07:03:48 UTC,924,26.5,44.7000007629,,,,
2019-06-20 07:04:56 UTC,925,26.3999996185,45.0999984741,,,,
2019-06-20 07:06:00 UTC,926,26.3999996185,45.7000007629,,,,
2019-06-20 07:07:02 UTC,927,26.3999996185,45.7999992371,,,,
2019-06-20 07:08:04 UTC,928,26.3999996185,45.9000015259,,,,
2019-06-20 07:09:09 UTC,929,26.3999996185,46.4000015259,,,,
2019-06-20 07:10:12 UTC,930,26.3999996185,46.4000015259,,,,
2019-06-20 07:11:14 UTC,931,26.3999996185,46.4000015259,,,,
2019-06-20 07:12:17 UTC,932,26.3999996185,46.2000007629,,,,
2019-06-20 07:13:19 UTC,933,26.3999996185,45.9000015259,,,,
2019-06-20 07:14:21 UTC,934,26.3999996185,45.7000007629,,,,
2019-06-20 07:15:24 UTC,935,26.3999996185,45.5999984741,,,,
2019-06-20 07:16:31 UTC,936,26.3999996185,45.5999984741,,,,
2019-06-20 07:17:39 UTC,937,26.3999996185,45.7000007629,,,,
2019-06-20 07:18:51 UTC,938,26.3999996185,46.0,,,,
2019-06-20 07:19:58 UTC,939,26.3999996185,46.4000015259,,,,
2019-06-20 07:21:00 UTC,940,26.3999996185,46.0999984741,,,,
2019-06-20 07:22:05 UTC,941,26.3999996185,45.9000015259,,,,
2019-06-20 07:23:07 UTC,942,26.3999996185,45.7999992371,,,,
2019-06-20 07:24:09 UTC,943,26.3999996185,45.7000007629,,,,
2019-06-20 07:25:11 UTC,944,26.3999996185,45.5999984741,,,,
2019-06-20 07:26:14 UTC,945,26.3999996185,45.7999992371,,,,
2019-06-20 07:27:16 UTC,946,26.5,45.4000015259,,,,
2019-06-20 07:28:18 UTC,947,26.3999996185,45.2999992371,,,,
2019-06-20 07:29:20 UTC,948,26.3999996185,45.2999992371,,,,
2019-06-20 07:30:23 UTC,949,26.3999996185,44.7999992371,,,,
2019-06-20 07:31:25 UTC,950,26.3999996185,45.2000007629,,,,
2019-06-20 07:32:27 UTC,951,26.3999996185,45.2000007629,,,,
2019-06-20 07:33:29 UTC,952,26.3999996185,45.2000007629,,,,
2019-06-20 07:34:31 UTC,953,26.3999996185,45.2000007629,,,,
2019-06-20 07:35:33 UTC,954,26.5,45.0999984741,,,,
2019-06-20 07:36:38 UTC,955,26.5,45.0999984741,,,,
2019-06-20 07:37:44 UTC,956,26.3999996185,45.2999992371,,,,
2019-06-20 07:38:48 UTC,957,26.3999996185,45.7000007629,,,,
2019-06-20 07:39:52 UTC,958,26.5,45.7999992371,,,,
2019-06-20 07:40:57 UTC,959,26.3999996185,45.7000007629,,,,
2019-06-20 07:42:00 UTC,960,26.5,45.4000015259,,,,
2019-06-20 07:43:02 UTC,961,26.5,45.4000015259,,,,
2019-06-20 07:44:04 UTC,962,26.5,45.2000007629,,,,
2019-06-20 07:45:06 UTC,963,26.5,45.2000007629,,,,
2019-06-20 07:46:08 UTC,964,26.5,45.2000007629,,,,
2019-06-20 07:47:20 UTC,965,26.5,45.4000015259,,,,
2019-06-20 07:48:22 UTC,966,26.5,46.4000015259,,,,
2019-06-20 07:49:25 UTC,967,26.3999996185,46.5,,,,
2019-06-20 07:50:27 UTC,968,26.5,46.2999992371,,,,
2019-06-20 07:51:29 UTC,969,26.5,46.0999984741,,,,
2019-06-20 07:52:31 UTC,970,26.5,46.0,,,,
2019-06-20 07:53:33 UTC,971,26.6000003815,45.9000015259,,,,
2019-06-20 07:54:35 UTC,972,26.5,46.0999984741,,,,
2019-06-20 07:55:37 UTC,973,26.5,45.9000015259,,,,
2019-06-20 07:56:40 UTC,974,26.5,46.0999984741,,,,
2019-06-20 07:57:42 UTC,975,26.5,46.5,,,,
2019-06-20 07:58:44 UTC,976,26.5,46.5999984741,,,,
2019-06-20 07:59:47 UTC,977,26.5,46.5999984741,,,,
2019-06-20 08:00:49 UTC,978,26.5,46.4000015259,,,,
2019-06-20 08:01:52 UTC,979,26.5,46.4000015259,,,,
2019-06-20 08:02:54 UTC,980,26.5,46.4000015259,,,,
2019-06-20 08:03:56 UTC,981,26.5,46.7000007629,,,,
2019-06-20 08:04:59 UTC,982,26.5,48.0999984741,,,,
2019-06-20 08:06:01 UTC,983,26.5,48.2999992371,,,,
2019-06-20 08:07:03 UTC,984,26.3999996185,48.0999984741,,,,
2019-06-20 08:08:05 UTC,985,26.5,47.9000015259,,,,
2019-06-20 08:09:08 UTC,986,26.5,48.0,,,,
2019-06-20 08:10:11 UTC,987,26.5,48.0999984741,,,,
2019-06-20 08:11:13 UTC,988,26.5,48.2000007629,,,,
2019-06-20 08:12:15 UTC,989,26.5,48.4000015259,,,,
2019-06-20 08:13:17 UTC,990,26.3999996185,48.4000015259,,,,
2019-06-20 08:14:20 UTC,991,26.5,48.5,,,,
2019-06-20 08:15:23 UTC,992,26.3999996185,48.7000007629,,,,
2019-06-20 08:16:26 UTC,993,26.3999996185,48.9000015259,,,,
2019-06-20 08:17:28 UTC,994,26.3999996185,48.7000007629,,,,
2019-06-20 08:18:30 UTC,995,26.5,48.9000015259,,,,
2019-06-20 08:19:33 UTC,996,26.3999996185,49.0,,,,
2019-06-20 08:20:35 UTC,997,26.3999996185,50.0,,,,
2019-06-20 08:21:37 UTC,998,26.3999996185,49.7000007629,,,,
2019-06-20 08:22:39 UTC,999,26.3999996185,49.5,,,,
2019-06-20 08:23:41 UTC,1000,26.3999996185,49.7000007629,,,,
2019-06-20 08:24:44 UTC,1001,26.3999996185,49.2000007629,,,,
2019-06-20 08:25:49 UTC,1002,26.3999996185,49.2000007629,,,,
2019-06-20 08:26:51 UTC,1003,26.3999996185,48.7999992371,,,,
2019-06-20 08:27:54 UTC,1004,26.3999996185,48.7000007629,,,,
2019-06-20 08:28:59 UTC,1005,26.5,48.4000015259,,,,
2019-06-20 08:30:04 UTC,1006,26.5,48.0,,,,
2019-06-20 08:31:49 UTC,1007,26.5,47.7000007629,,,,
2019-06-20 08:33:35 UTC,1008,26.5,47.5999984741,,,,
2019-06-20 08:35:38 UTC,1009,26.5,47.2999992371,,,,
2019-06-20 08:37:00 UTC,1010,26.3999996185,47.5999984741,,,,
2019-06-20 08:41:49 UTC,1011,26.3999996185,48.2999992371,,,,
2019-06-20 08:42:52 UTC,1012,26.5,47.9000015259,,,,
2019-06-20 08:44:07 UTC,1013,26.3999996185,47.9000015259,,,,
2019-06-20 08:45:10 UTC,1014,26.3999996185,47.9000015259,,,,
2019-06-20 08:46:21 UTC,1015,26.3999996185,48.0999984741,,,,
2019-06-20 08:47:42 UTC,1016,26.3999996185,48.2000007629,,,,
2019-06-20 08:49:13 UTC,1017,26.5,48.2000007629,,,,
2019-06-20 08:50:19 UTC,1018,26.3999996185,48.0999984741,,,,
2019-06-20 08:51:23 UTC,1019,26.3999996185,48.2999992371,,,,
2019-06-20 08:52:25 UTC,1020,26.5,48.2999992371,,,,
2019-06-20 08:53:27 UTC,1021,26.5,48.2999992371,,,,
2019-06-20 08:54:30 UTC,1022,26.5,48.0999984741,,,,
2019-06-20 08:55:33 UTC,1023,26.5,48.0999984741,,,,
2019-06-20 08:56:36 UTC,1024,26.5,48.0999984741,,,,
2019-06-20 08:57:38 UTC,1025,26.5,48.2999992371,,,,
2019-06-20 08:58:40 UTC,1026,26.5,48.0999984741,,,,
2019-06-20 08:59:44 UTC,1027,26.5,48.0999984741,,,,
2019-06-20 09:00:47 UTC,1028,26.5,48.0999984741,,,,
2019-06-20 09:01:50 UTC,1029,26.5,48.0999984741,,,,
2019-06-20 09:02:57 UTC,1030,26.5,47.7999992371,,,,
2019-06-20 09:03:59 UTC,1031,26.5,47.5,,,,
2019-06-20 09:05:13 UTC,1032,26.5,47.5,,,,
2019-06-20 09:06:18 UTC,1033,26.6000003815,47.2999992371,,,,
2019-06-20 09:07:22 UTC,1034,26.5,47.4000015259,,,,
2019-06-20 09:08:29 UTC,1035,26.5,47.2999992371,,,,
2019-06-20 09:09:41 UTC,1036,26.6000003815,46.9000015259,,,,
2019-06-20 09:10:49 UTC,1037,26.7000007629,46.7000007629,,,,
2019-06-20 09:12:02 UTC,1038,26.7000007629,46.7000007629,,,,
2019-06-20 09:13:05 UTC,1039,26.7000007629,46.5,,,,
2019-06-20 09:14:08 UTC,1040,26.6000003815,46.9000015259,,,,
2019-06-20 09:15:10 UTC,1041,26.7000007629,46.7999992371,,,,
2019-06-20 09:16:12 UTC,1042,26.7000007629,46.7000007629,,,,
2019-06-20 09:17:14 UTC,1043,26.7000007629,46.7000007629,,,,
2019-06-20 09:18:17 UTC,1044,26.7000007629,46.7000007629,,,,
2019-06-20 09:19:20 UTC,1045,26.7000007629,46.4000015259,,,,
2019-06-20 09:20:23 UTC,1046,26.7000007629,46.4000015259,,,,
2019-06-20 09:21:29 UTC,1047,26.7000007629,46.0,,,,
2019-06-20 09:22:34 UTC,1048,26.7000007629,45.9000015259,,,,
2019-06-20 09:23:36 UTC,1049,26.7000007629,45.9000015259,,,,
2019-06-20 09:24:38 UTC,1050,26.7000007629,45.7999992371,,,,
2019-06-20 09:25:46 UTC,1051,26.7000007629,45.9000015259,,,,
2019-06-20 09:26:50 UTC,1052,26.7999992371,46.5999984741,,,,
2019-06-20 09:27:53 UTC,1053,26.7999992371,46.7000007629,,,,
2019-06-20 09:29:03 UTC,1054,26.7999992371,46.4000015259,,,,
2019-06-20 09:30:06 UTC,1055,26.7999992371,46.4000015259,,,,
2019-06-20 09:31:08 UTC,1056,26.7999992371,46.5,,,,
2019-06-20 09:32:10 UTC,1057,26.7999992371,46.5999984741,,,,
2019-06-20 09:33:16 UTC,1058,26.7999992371,46.7000007629,,,,
2019-06-20 09:34:24 UTC,1059,26.7999992371,46.5,,,,
2019-06-20 09:35:28 UTC,1060,26.7999992371,46.7000007629,,,,
2019-06-20 09:36:31 UTC,1061,26.7999992371,46.7000007629,,,,
2019-06-20 09:37:34 UTC,1062,26.7999992371,46.5999984741,,,,
2019-06-20 09:38:39 UTC,1063,26.7999992371,46.4000015259,,,,
2019-06-20 09:39:46 UTC,1064,26.7000007629,46.7000007629,,,,
2019-06-20 09:40:48 UTC,1065,26.7999992371,46.7000007629,,,,
2019-06-20 09:41:50 UTC,1066,26.7000007629,46.9000015259,,,,
2019-06-20 09:42:53 UTC,1067,26.7000007629,47.2000007629,,,,
2019-06-20 09:43:55 UTC,1068,26.7000007629,47.2999992371,,,,
2019-06-20 09:44:57 UTC,1069,26.7999992371,47.2999992371,,,,
2019-06-20 09:46:00 UTC,1070,26.7000007629,47.7000007629,,,,
2019-06-20 09:47:02 UTC,1071,26.7000007629,47.7000007629,,,,
2019-06-20 09:48:04 UTC,1072,26.7000007629,47.7000007629,,,,
2019-06-20 09:49:07 UTC,1073,26.7000007629,47.5999984741,,,,
2019-06-20 09:50:09 UTC,1074,26.7000007629,47.5,,,,
2019-06-20 09:51:11 UTC,1075,26.7000007629,47.5,,,,
2019-06-20 09:52:16 UTC,1076,26.7000007629,47.2000007629,,,,
2019-06-20 09:53:19 UTC,1077,26.7000007629,47.5,,,,
2019-06-20 09:54:21 UTC,1078,26.7000007629,47.2000007629,,,,
2019-06-20 09:55:24 UTC,1079,26.7000007629,47.7999992371,,,,
2019-06-20 09:56:30 UTC,1080,26.7000007629,47.7000007629,,,,
2019-06-20 09:57:32 UTC,1081,26.7000007629,47.5,,,,
2019-06-20 09:58:35 UTC,1082,26.7000007629,47.5,,,,
2019-06-20 09:59:38 UTC,1083,26.7000007629,47.9000015259,,,,
2019-06-20 10:00:43 UTC,1084,26.7999992371,49.0,,,,
2019-06-20 10:01:46 UTC,1085,26.7999992371,47.7999992371,,,,
2019-06-20 10:02:48 UTC,1086,26.7999992371,47.2000007629,,,,
2019-06-20 10:03:50 UTC,1087,26.7999992371,47.5,,,,
2019-06-20 10:04:52 UTC,1088,26.7999992371,47.7999992371,,,,
2019-06-20 10:05:55 UTC,1089,26.7999992371,47.5999984741,,,,
2019-06-20 10:06:57 UTC,1090,26.7999992371,47.7000007629,,,,
2019-06-20 10:07:59 UTC,1091,26.7999992371,47.5999984741,,,,
2019-06-20 10:09:01 UTC,1092,26.7999992371,47.5999984741,,,,
2019-06-20 10:10:03 UTC,1093,26.7999992371,47.0,,,,
2019-06-20 10:11:08 UTC,1094,26.7999992371,47.2999992371,,,,
2019-06-20 10:12:10 UTC,1095,26.7999992371,47.0999984741,,,,
2019-06-20 10:13:14 UTC,1096,26.7999992371,47.0,,,,
2019-06-20 10:14:17 UTC,1097,26.7999992371,47.0,,,,
2019-06-20 10:15:24 UTC,1098,26.7999992371,47.0,,,,
2019-06-20 10:16:29 UTC,1099,26.7999992371,47.2000007629,,,,
2019-06-20 10:17:33 UTC,1100,26.7999992371,47.0,,,,
2019-06-20 10:18:37 UTC,1101,26.7999992371,47.2000007629,,,,
2019-06-20 10:19:42 UTC,1102,26.7000007629,47.2999992371,,,,
2019-06-20 10:20:46 UTC,1103,26.7999992371,47.4000015259,,,,
2019-06-20 10:21:49 UTC,1104,26.7999992371,47.4000015259,,,,
2019-06-20 10:22:52 UTC,1105,26.7999992371,47.4000015259,,,,
2019-06-20 10:23:57 UTC,1106,26.7000007629,47.5,,,,
2019-06-20 10:25:10 UTC,1107,26.7000007629,47.5999984741,,,,
2019-06-20 10:26:13 UTC,1108,26.7000007629,47.7999992371,,,,
2019-06-20 10:27:15 UTC,1109,26.7000007629,47.7999992371,,,,
2019-06-20 10:28:17 UTC,1110,26.7000007629,47.7999992371,,,,
2019-06-20 10:29:20 UTC,1111,26.7000007629,47.7999992371,,,,
2019-06-20 10:30:22 UTC,1112,26.7999992371,47.2000007629,,,,
2019-06-20 10:31:24 UTC,1113,26.7999992371,47.5999984741,,,,
2019-06-20 10:32:26 UTC,1114,26.6000003815,48.5999984741,,,,
2019-06-20 10:33:28 UTC,1115,26.6000003815,50.5,,,,
2019-06-20 10:34:30 UTC,1116,26.5,50.9000015259,,,,
2019-06-20 10:35:33 UTC,1117,26.3999996185,52.5,,,,
2019-06-20 10:36:36 UTC,1118,26.3999996185,53.2000007629,,,,
2019-06-20 10:37:39 UTC,1119,26.2999992371,53.9000015259,,,,
2019-06-20 10:38:41 UTC,1120,26.2999992371,54.2999992371,,,,
2019-06-20 10:39:44 UTC,1121,26.2999992371,54.7000007629,,,,
2019-06-20 10:40:46 UTC,1122,26.2999992371,54.9000015259,,,,
2019-06-20 10:41:49 UTC,1123,26.2999992371,55.0,,,,
2019-06-20 10:42:51 UTC,1124,26.2999992371,54.7999992371,,,,
2019-06-20 10:43:58 UTC,1125,26.2999992371,55.0999984741,,,,
2019-06-20 10:45:00 UTC,1126,26.2999992371,56.0999984741,,,,
2019-06-20 10:46:03 UTC,1127,26.2999992371,55.7000007629,,,,
2019-06-20 10:47:07 UTC,1128,26.2999992371,55.4000015259,,,,
2019-06-20 10:48:09 UTC,1129,26.3999996185,55.5999984741,,,,
2019-06-20 10:49:11 UTC,1130,26.3999996185,55.2000007629,,,,
2019-06-20 10:50:13 UTC,1131,26.3999996185,55.2999992371,,,,
2019-06-20 10:51:15 UTC,1132,26.2999992371,55.7000007629,,,,
2019-06-20 10:52:18 UTC,1133,26.2999992371,56.0,,,,
2019-06-20 10:53:20 UTC,1134,26.2000007629,55.7999992371,,,,
2019-06-20 10:54:22 UTC,1135,26.2000007629,55.7000007629,,,,
2019-06-20 10:55:24 UTC,1136,26.2000007629,55.0999984741,,,,
2019-06-20 10:56:27 UTC,1137,26.2000007629,54.7999992371,,,,
2019-06-20 10:57:29 UTC,1138,26.2000007629,54.0999984741,,,,
2019-06-20 10:58:32 UTC,1139,26.1000003815,53.5,,,,
2019-06-20 10:59:34 UTC,1140,26.1000003815,53.0,,,,
2019-06-20 11:00:36 UTC,1141,26.1000003815,52.7999992371,,,,
2019-06-20 11:01:38 UTC,1142,26.0,53.2000007629,,,,
2019-06-20 11:02:40 UTC,1143,26.1000003815,52.2999992371,,,,
2019-06-20 11:03:42 UTC,1144,26.1000003815,52.2999992371,,,,
2019-06-20 11:04:45 UTC,1145,26.1000003815,52.0999984741,,,,
2019-06-20 11:05:47 UTC,1146,26.0,52.0,,,,
2019-06-20 11:06:49 UTC,1147,26.0,52.2000007629,,,,
2019-06-20 11:07:52 UTC,1148,26.0,51.7999992371,,,,
2019-06-20 11:08:55 UTC,1149,26.1000003815,51.7000007629,,,,
2019-06-20 11:09:57 UTC,1150,26.0,51.4000015259,,,,
2019-06-20 11:10:59 UTC,1151,26.0,51.7000007629,,,,
2019-06-20 11:12:01 UTC,1152,26.0,52.0,,,,
2019-06-20 11:13:03 UTC,1153,26.0,51.7999992371,,,,
2019-06-20 11:14:05 UTC,1154,26.0,52.0,,,,
2019-06-20 11:15:07 UTC,1155,26.0,51.5999984741,,,,
2019-06-20 11:16:10 UTC,1156,26.0,51.4000015259,,,,
2019-06-20 11:17:12 UTC,1157,26.0,51.5,,,,
2019-06-20 11:18:14 UTC,1158,26.0,50.9000015259,,,,
2019-06-20 11:19:16 UTC,1159,26.0,50.7000007629,,,,
2019-06-20 11:20:18 UTC,1160,26.0,50.5999984741,,,,
2019-06-20 11:21:20 UTC,1161,26.0,50.7000007629,,,,
2019-06-20 11:22:22 UTC,1162,26.0,50.5999984741,,,,
2019-06-20 11:23:25 UTC,1163,26.0,50.4000015259,,,,
2019-06-20 11:24:27 UTC,1164,26.0,50.2999992371,,,,
2019-06-20 11:25:29 UTC,1165,26.0,50.4000015259,,,,
2019-06-20 11:26:31 UTC,1166,26.0,50.2999992371,,,,
2019-06-20 11:27:34 UTC,1167,26.1000003815,50.0999984741,,,,
2019-06-20 11:28:36 UTC,1168,26.1000003815,49.9000015259,,,,
2019-06-20 11:29:38 UTC,1169,26.1000003815,49.5,,,,
2019-06-20 11:30:40 UTC,1170,26.1000003815,49.5,,,,
2019-06-20 11:31:42 UTC,1171,26.1000003815,49.2999992371,,,,
2019-06-20 11:32:44 UTC,1172,26.2000007629,49.2999992371,,,,
2019-06-20 11:33:47 UTC,1173,26.2000007629,49.0,,,,
2019-06-20 11:34:49 UTC,1174,26.2000007629,49.0999984741,,,,
2019-06-20 11:35:52 UTC,1175,26.2000007629,48.7999992371,,,,
2019-06-20 11:36:54 UTC,1176,26.2000007629,48.5999984741,,,,
2019-06-20 11:37:56 UTC,1177,26.2999992371,48.4000015259,,,,
2019-06-20 11:38:58 UTC,1178,26.2000007629,48.4000015259,,,,
2019-06-20 11:40:01 UTC,1179,26.2999992371,48.2999992371,,,,
2019-06-20 11:41:03 UTC,1180,26.2000007629,48.2999992371,,,,
2019-06-20 11:42:05 UTC,1181,26.2999992371,48.0999984741,,,,
2019-06-20 11:43:07 UTC,1182,26.2000007629,47.7999992371,,,,
2019-06-20 11:44:11 UTC,1183,26.2000007629,47.9000015259,,,,
2019-06-20 11:45:13 UTC,1184,26.2000007629,48.0999984741,,,,
2019-06-20 11:46:20 UTC,1185,26.2000007629,48.4000015259,,,,
2019-06-20 11:47:22 UTC,1186,26.2000007629,48.4000015259,,,,
2019-06-20 11:48:26 UTC,1187,26.2000007629,48.4000015259,,,,
2019-06-20 11:49:28 UTC,1188,26.2000007629,48.2000007629,,,,
2019-06-20 11:50:30 UTC,1189,26.2999992371,48.0999984741,,,,
2019-06-20 11:51:34 UTC,1190,26.2000007629,47.7999992371,,,,
2019-06-20 11:52:37 UTC,1191,26.2999992371,47.9000015259,,,,
2019-06-20 11:53:39 UTC,1192,26.2000007629,48.0999984741,,,,
2019-06-20 11:54:42 UTC,1193,26.2000007629,48.2000007629,,,,
2019-06-20 11:55:45 UTC,1194,26.2000007629,48.0,,,,
2019-06-20 11:56:48 UTC,1195,26.2999992371,48.0999984741,,,,
2019-06-20 11:57:50 UTC,1196,26.2999992371,47.7000007629,,,,
2019-06-20 11:58:55 UTC,1197,26.2999992371,47.5999984741,,,,
2019-06-20 11:59:58 UTC,1198,26.2999992371,47.5999984741,,,,
2019-06-20 12:01:01 UTC,1199,26.2999992371,47.7999992371,,,,
2019-06-20 12:02:04 UTC,1200,26.2999992371,47.9000015259,,,,
2019-06-20 12:03:06 UTC,1201,26.2000007629,48.2999992371,,,,
2019-06-20 12:04:08 UTC,1202,26.2999992371,48.2000007629,,,,
2019-06-20 12:05:12 UTC,1203,26.2999992371,47.9000015259,,,,
2019-06-20 12:06:14 UTC,1204,26.2999992371,47.9000015259,,,,
2019-06-20 12:07:17 UTC,1205,26.2999992371,48.0999984741,,,,
2019-06-20 12:08:19 UTC,1206,26.2000007629,48.0999984741,,,,
2019-06-20 12:09:22 UTC,1207,26.2999992371,48.2000007629,,,,
2019-06-20 12:10:24 UTC,1208,26.2999992371,48.2000007629,,,,
2019-06-20 12:11:26 UTC,1209,26.2999992371,48.2000007629,,,,
2019-06-20 12:12:28 UTC,1210,26.2999992371,47.9000015259,,,,
2019-06-20 12:13:30 UTC,1211,26.2999992371,47.7999992371,,,,
2019-06-20 12:14:33 UTC,1212,26.2999992371,47.7999992371,,,,
2019-06-20 12:15:35 UTC,1213,26.2000007629,48.0999984741,,,,
2019-06-20 12:16:38 UTC,1214,26.2000007629,48.2000007629,,,,
2019-06-20 12:17:40 UTC,1215,26.2000007629,48.4000015259,,,,
2019-06-20 12:18:42 UTC,1216,26.2000007629,48.5,,,,
2019-06-20 12:19:44 UTC,1217,26.2000007629,48.5,,,,
2019-06-20 12:20:47 UTC,1218,26.2000007629,48.4000015259,,,,
2019-06-20 12:21:49 UTC,1219,26.2000007629,48.2000007629,,,,
2019-06-20 12:22:52 UTC,1220,26.2999992371,48.0,,,,
2019-06-20 12:23:54 UTC,1221,26.2999992371,47.9000015259,,,,
2019-06-20 12:24:56 UTC,1222,26.2999992371,48.0,,,,
2019-06-20 12:25:59 UTC,1223,26.2000007629,48.2000007629,,,,
2019-06-20 12:27:01 UTC,1224,26.2000007629,48.2000007629,,,,
2019-06-20 12:28:03 UTC,1225,26.2000007629,48.0999984741,,,,
2019-06-20 12:29:05 UTC,1226,26.2000007629,48.0999984741,,,,
2019-06-20 12:30:07 UTC,1227,26.2000007629,48.0999984741,,,,
2019-06-20 12:31:09 UTC,1228,26.2999992371,48.0,,,,
2019-06-20 12:32:11 UTC,1229,26.2999992371,47.7000007629,,,,
2019-06-20 12:33:13 UTC,1230,26.2000007629,47.9000015259,,,,
2019-06-20 12:34:16 UTC,1231,26.2000007629,47.9000015259,,,,
2019-06-20 12:35:18 UTC,1232,26.2000007629,47.7999992371,,,,
2019-06-20 12:36:20 UTC,1233,26.2999992371,47.7000007629,,,,
2019-06-20 12:37:22 UTC,1234,26.2999992371,47.4000015259,,,,
2019-06-20 12:38:24 UTC,1235,26.2000007629,47.5999984741,,,,
2019-06-20 12:39:26 UTC,1236,26.2000007629,47.7999992371,,,,
2019-06-20 12:40:28 UTC,1237,26.1000003815,47.9000015259,,,,
2019-06-20 12:41:31 UTC,1238,26.2000007629,47.9000015259,,,,
2019-06-20 12:42:33 UTC,1239,26.1000003815,48.0,,,,
2019-06-20 12:43:35 UTC,1240,26.2000007629,47.7000007629,,,,
2019-06-20 12:44:37 UTC,1241,26.2000007629,47.5,,,,
2019-06-20 12:45:40 UTC,1242,26.2000007629,47.5,,,,
2019-06-20 12:46:42 UTC,1243,26.2000007629,47.4000015259,,,,
2019-06-20 12:47:44 UTC,1244,26.0,47.7999992371,,,,
2019-06-20 12:48:47 UTC,1245,26.0,48.0999984741,,,,
2019-06-20 12:49:50 UTC,1246,26.1000003815,48.4000015259,,,,
2019-06-20 12:50:52 UTC,1247,26.1000003815,48.0,,,,
2019-06-20 12:51:54 UTC,1248,26.1000003815,47.7000007629,,,,
2019-06-20 12:52:56 UTC,1249,26.2000007629,47.5999984741,,,,
2019-06-20 12:53:58 UTC,1250,26.2999992371,46.5,,,,
2019-06-20 12:55:00 UTC,1251,26.2999992371,46.7000007629,,,,
2019-06-20 12:56:04 UTC,1252,26.2000007629,46.7000007629,,,,
2019-06-20 12:57:06 UTC,1253,26.2000007629,47.2999992371,,,,
2019-06-20 12:58:08 UTC,1254,26.2000007629,47.4000015259,,,,
2019-06-20 12:59:11 UTC,1255,26.2000007629,47.4000015259,,,,
2019-06-20 13:00:16 UTC,1256,26.2000007629,47.5,,,,
2019-06-20 13:01:19 UTC,1257,26.1000003815,47.7000007629,,,,
2019-06-20 13:02:21 UTC,1258,26.1000003815,47.5999984741,,,,
2019-06-20 13:03:23 UTC,1259,26.1000003815,47.5999984741,,,,
2019-06-20 13:04:25 UTC,1260,26.2000007629,47.4000015259,,,,
2019-06-20 13:05:27 UTC,1261,26.2000007629,47.5,,,,
2019-06-20 13:06:31 UTC,1262,26.2000007629,47.7000007629,,,,
2019-06-20 13:07:33 UTC,1263,26.1000003815,47.9000015259,,,,
2019-06-20 13:08:35 UTC,1264,26.1000003815,48.0,,,,
2019-06-20 13:09:37 UTC,1265,26.1000003815,48.0,,,,
2019-06-20 13:10:39 UTC,1266,26.1000003815,48.0999984741,,,,
2019-06-20 13:11:42 UTC,1267,26.2000007629,47.5999984741,,,,
2019-06-20 13:12:44 UTC,1268,26.1000003815,47.7999992371,,,,
2019-06-20 13:13:46 UTC,1269,26.1000003815,47.7999992371,,,,
2019-06-20 13:14:48 UTC,1270,26.1000003815,48.0999984741,,,,
2019-06-20 13:15:51 UTC,1271,26.0,48.4000015259,,,,
2019-06-20 13:16:53 UTC,1272,26.0,48.2999992371,,,,
2019-06-20 13:17:55 UTC,1273,26.0,48.4000015259,,,,
2019-06-20 13:18:57 UTC,1274,26.0,48.5999984741,,,,
2019-06-20 13:20:00 UTC,1275,26.0,48.5999984741,,,,
2019-06-20 13:21:02 UTC,1276,26.0,48.2999992371,,,,
2019-06-20 13:22:04 UTC,1277,26.1000003815,48.0,,,,
2019-06-20 13:23:07 UTC,1278,26.1000003815,47.9000015259,,,,
2019-06-20 13:24:10 UTC,1279,26.1000003815,47.7999992371,,,,
2019-06-20 13:25:14 UTC,1280,26.1000003815,47.7999992371,,,,
2019-06-20 13:26:16 UTC,1281,26.1000003815,47.9000015259,,,,
2019-06-20 13:27:18 UTC,1282,26.1000003815,48.0,,,,
2019-06-20 13:28:26 UTC,1283,26.0,48.0,,,,
2019-06-20 13:29:30 UTC,1284,26.1000003815,47.7999992371,,,,
2019-06-20 13:30:34 UTC,1285,26.1000003815,47.7000007629,,,,
2019-06-20 13:31:39 UTC,1286,26.1000003815,47.5999984741,,,,
2019-06-20 13:32:42 UTC,1287,26.1000003815,47.5,,,,
2019-06-20 13:33:44 UTC,1288,26.1000003815,47.2999992371,,,,
2019-06-20 13:34:49 UTC,1289,26.1000003815,47.2000007629,,,,
2019-06-20 13:35:54 UTC,1290,26.2000007629,47.2000007629,,,,
2019-06-20 13:36:57 UTC,1291,26.1000003815,47.2999992371,,,,
2019-06-20 13:37:59 UTC,1292,26.1000003815,47.2999992371,,,,
2019-06-20 13:39:01 UTC,1293,26.1000003815,47.2000007629,,,,
2019-06-20 13:40:05 UTC,1294,26.0,47.2999992371,,,,
2019-06-20 13:41:08 UTC,1295,26.0,47.5,,,,
2019-06-20 13:42:10 UTC,1296,26.0,47.4000015259,,,,
2019-06-20 13:43:15 UTC,1297,26.1000003815,47.5,,,,
2019-06-20 13:44:21 UTC,1298,26.0,47.5,,,,
2019-06-20 13:45:23 UTC,1299,26.1000003815,47.7999992371,,,,
2019-06-20 13:46:27 UTC,1300,26.0,47.7000007629,,,,
2019-06-20 13:47:31 UTC,1301,26.1000003815,47.5,,,,
2019-06-20 13:48:34 UTC,1302,26.1000003815,47.4000015259,,,,
2019-06-20 13:49:37 UTC,1303,26.1000003815,47.5999984741,,,,
2019-06-20 13:50:39 UTC,1304,26.1000003815,47.7000007629,,,,
2019-06-20 13:51:43 UTC,1305,26.0,47.7999992371,,,,
2019-06-20 13:52:46 UTC,1306,26.1000003815,47.5999984741,,,,
2019-06-20 13:53:50 UTC,1307,26.1000003815,47.4000015259,,,,
2019-06-20 13:54:54 UTC,1308,26.2000007629,47.0,,,,
2019-06-20 13:55:58 UTC,1309,26.2000007629,47.2000007629,,,,
2019-06-20 13:57:00 UTC,1310,26.1000003815,47.0999984741,,,,
2019-06-20 13:58:02 UTC,1311,26.1000003815,47.2999992371,,,,
2019-06-20 13:59:04 UTC,1312,26.1000003815,47.4000015259,,,,
2019-06-20 14:00:10 UTC,1313,26.0,47.5,,,,
2019-06-20 14:01:13 UTC,1314,26.0,47.7999992371,,,,
2019-06-20 14:02:16 UTC,1315,26.0,48.0999984741,,,,
2019-06-20 14:03:20 UTC,1316,26.0,48.0,,,,
2019-06-20 14:04:22 UTC,1317,26.1000003815,47.7999992371,,,,
2019-06-20 14:05:25 UTC,1318,26.0,47.7999992371,,,,
2019-06-20 14:06:28 UTC,1319,26.0,48.0,,,,
2019-06-20 14:07:32 UTC,1320,26.0,47.7999992371,,,,
2019-06-20 14:08:35 UTC,1321,26.1000003815,47.9000015259,,,,
2019-06-20 14:09:38 UTC,1322,26.0,48.4000015259,,,,
2019-06-20 14:10:40 UTC,1323,26.0,48.0999984741,,,,
2019-06-20 14:11:45 UTC,1324,26.0,48.0,,,,
2019-06-20 14:12:47 UTC,1325,26.0,48.0999984741,,,,
2019-06-20 14:13:51 UTC,1326,26.0,48.2999992371,,,,
2019-06-20 14:14:53 UTC,1327,26.0,48.2999992371,,,,
2019-06-20 14:15:56 UTC,1328,26.0,48.0999984741,,,,
2019-06-20 14:16:59 UTC,1329,25.8999996185,47.5999984741,,,,
2019-06-20 14:18:03 UTC,1330,26.0,48.0999984741,,,,
2019-06-20 14:19:07 UTC,1331,25.8999996185,47.7000007629,,,,
2019-06-20 14:20:12 UTC,1332,25.8999996185,47.9000015259,,,,
2019-06-20 14:21:16 UTC,1333,25.8999996185,48.0999984741,,,,
2019-06-20 14:22:21 UTC,1334,26.0,48.2999992371,,,,
2019-06-20 14:23:24 UTC,1335,26.0,48.4000015259,,,,
2019-06-20 14:24:27 UTC,1336,26.0,48.4000015259,,,,
2019-06-20 14:25:29 UTC,1337,26.0,48.0999984741,,,,
2019-06-20 14:26:34 UTC,1338,26.0,48.0999984741,,,,
2019-06-20 14:27:36 UTC,1339,26.0,48.4000015259,,,,
2019-06-20 14:28:38 UTC,1340,26.0,48.5,,,,
2019-06-20 14:29:43 UTC,1341,26.0,48.5,,,,
2019-06-20 14:30:48 UTC,1342,26.0,48.7999992371,,,,
2019-06-20 14:31:51 UTC,1343,25.8999996185,48.2999992371,,,,
2019-06-20 14:32:53 UTC,1344,26.0,48.2000007629,,,,
2019-06-20 14:33:57 UTC,1345,26.0,48.0999984741,,,,
2019-06-20 14:35:00 UTC,1346,25.8999996185,48.0,,,,
2019-06-20 14:36:10 UTC,1347,26.0,48.4000015259,,,,
2019-06-20 14:37:15 UTC,1348,26.0,48.2000007629,,,,
2019-06-20 14:38:17 UTC,1349,26.0,48.2000007629,,,,
2019-06-20 14:39:21 UTC,1350,26.0,48.2000007629,,,,
2019-06-20 14:40:25 UTC,1351,26.0,48.2000007629,,,,
2019-06-20 14:41:28 UTC,1352,26.1000003815,48.0,,,,
2019-06-20 14:42:39 UTC,1353,25.8999996185,47.9000015259,,,,
2019-06-20 14:43:43 UTC,1354,25.8999996185,48.5,,,,
2019-06-20 14:44:47 UTC,1355,25.7999992371,48.9000015259,,,,
2019-06-20 14:45:50 UTC,1356,25.7999992371,49.0999984741,,,,
2019-06-20 14:47:09 UTC,1357,25.7999992371,49.2000007629,,,,
2019-06-20 14:48:14 UTC,1358,25.7999992371,49.2999992371,,,,
2019-06-20 14:49:20 UTC,1359,25.7999992371,49.2000007629,,,,
2019-06-20 14:50:26 UTC,1360,25.7999992371,49.4000015259,,,,
2019-06-20 14:51:28 UTC,1361,25.7000007629,49.7000007629,,,,
2019-06-20 14:52:33 UTC,1362,25.7000007629,50.2000007629,,,,
2019-06-20 14:53:36 UTC,1363,25.6000003815,50.5,,,,
2019-06-20 14:54:42 UTC,1364,25.6000003815,50.7999992371,,,,
2019-06-20 14:55:44 UTC,1365,25.6000003815,50.5999984741,,,,
2019-06-20 14:56:49 UTC,1366,25.7000007629,50.4000015259,,,,
2019-06-20 14:57:53 UTC,1367,25.7000007629,50.5,,,,
2019-06-20 14:58:56 UTC,1368,25.7000007629,50.2000007629,,,,
2019-06-20 14:59:59 UTC,1369,25.6000003815,50.5,,,,
2019-06-20 15:01:02 UTC,1370,25.6000003815,50.9000015259,,,,
2019-06-20 15:02:07 UTC,1371,25.6000003815,51.2000007629,,,,
2019-06-20 15:03:11 UTC,1372,25.6000003815,51.5999984741,,,,
2019-06-20 15:04:31 UTC,1373,25.6000003815,51.4000015259,,,,
2019-06-20 15:05:36 UTC,1374,25.6000003815,51.2999992371,,,,
2019-06-20 15:06:38 UTC,1375,25.6000003815,51.0999984741,,,,
2019-06-20 15:07:45 UTC,1376,25.6000003815,51.2999992371,,,,
2019-06-20 15:08:55 UTC,1377,25.6000003815,51.5,,,,
2019-06-20 15:10:01 UTC,1378,25.6000003815,51.9000015259,,,,
2019-06-20 15:11:07 UTC,1379,25.6000003815,51.7000007629,,,,
2019-06-20 15:12:11 UTC,1380,25.6000003815,52.0,,,,
2019-06-20 15:13:18 UTC,1381,25.5,52.4000015259,,,,
2019-06-20 15:14:21 UTC,1382,25.5,52.7000007629,,,,
2019-06-20 15:15:23 UTC,1383,25.5,52.7999992371,,,,
2019-06-20 15:16:27 UTC,1384,25.5,53.0,,,,
2019-06-20 15:22:22 UTC,1385,25.3999996185,54.0999984741,,,,
2019-06-20 15:23:17 UTC,1386,25.5,55.0999984741,,,,
2019-06-20 15:24:22 UTC,1387,25.6000003815,53.2000007629,,,,
2019-06-20 15:25:29 UTC,1388,25.3999996185,53.2000007629,,,,
2019-06-20 15:26:38 UTC,1389,25.2999992371,53.7999992371,,,,
2019-06-20 15:27:44 UTC,1390,25.3999996185,53.7000007629,,,,
2019-06-20 15:28:49 UTC,1391,25.2999992371,54.2000007629,,,,
2019-06-20 15:29:52 UTC,1392,25.2999992371,54.2000007629,,,,
2019-06-20 15:30:58 UTC,1393,25.3999996185,54.5,,,,
2019-06-20 15:32:05 UTC,1394,25.3999996185,53.5999984741,,,,
2019-06-20 15:33:20 UTC,1395,25.5,53.4000015259,,,,
2019-06-20 15:34:24 UTC,1396,25.5,53.0,,,,
2019-06-20 15:35:26 UTC,1397,25.6000003815,52.7999992371,,,,
2019-06-21 06:01:50 UTC,1398,26.1000003815,55.9000015259,,,,
2019-06-21 06:02:54 UTC,1399,26.0,52.5,,,,
2019-06-21 06:03:56 UTC,1400,25.8999996185,50.9000015259,,,,
2019-06-21 06:04:59 UTC,1401,25.8999996185,51.0,,,,
2019-06-21 06:06:01 UTC,1402,25.8999996185,51.2000007629,,,,
2019-06-21 06:07:05 UTC,1403,25.8999996185,51.2000007629,,,,
2019-06-21 06:08:07 UTC,1404,25.8999996185,51.2999992371,,,,
2019-06-21 06:09:13 UTC,1405,25.7999992371,51.4000015259,,,,
2019-06-21 06:10:15 UTC,1406,25.8999996185,50.4000015259,,,,
2019-06-21 06:11:17 UTC,1407,25.8999996185,50.7999992371,,,,
2019-06-21 06:12:20 UTC,1408,25.8999996185,49.7999992371,,,,
2019-06-21 06:13:22 UTC,1409,25.8999996185,49.7000007629,,,,
2019-06-21 06:14:24 UTC,1410,25.8999996185,49.7999992371,,,,
2019-06-21 06:15:27 UTC,1411,25.8999996185,49.7999992371,,,,
2019-06-21 06:16:29 UTC,1412,25.8999996185,49.7999992371,,,,
2019-06-21 06:17:31 UTC,1413,25.8999996185,49.7000007629,,,,
2019-06-21 06:18:37 UTC,1414,25.8999996185,49.5,,,,
2019-06-21 06:19:41 UTC,1415,25.8999996185,49.7999992371,,,,
2019-06-21 06:20:44 UTC,1416,25.8999996185,49.7000007629,,,,
2019-06-21 06:21:48 UTC,1417,25.8999996185,49.5999984741,,,,
2019-06-21 06:22:56 UTC,1418,26.0,50.0,,,,
2019-06-21 06:23:58 UTC,1419,26.0,50.0,,,,
2019-06-21 06:25:01 UTC,1420,26.0,50.0999984741,,,,
2019-06-21 06:26:04 UTC,1421,26.0,50.4000015259,,,,
2019-06-21 06:27:07 UTC,1422,26.0,50.2999992371,,,,
2019-06-21 06:28:10 UTC,1423,26.0,49.0999984741,,,,
2019-06-21 06:29:13 UTC,1424,26.0,49.5999984741,,,,
2019-06-21 06:30:15 UTC,1425,26.0,50.0999984741,,,,
2019-06-21 06:31:18 UTC,1426,26.0,49.7000007629,,,,
2019-06-21 06:32:22 UTC,1427,26.0,49.7999992371,,,,
2019-06-21 06:33:26 UTC,1428,26.0,49.2999992371,,,,
2019-06-21 06:34:29 UTC,1429,26.1000003815,49.4000015259,,,,
2019-06-21 06:35:32 UTC,1430,26.0,48.5,,,,
2019-06-21 06:36:34 UTC,1431,26.1000003815,48.2000007629,,,,
2019-06-21 06:37:37 UTC,1432,26.1000003815,48.2000007629,,,,
2019-06-21 06:38:39 UTC,1433,26.1000003815,48.0999984741,,,,
2019-06-21 06:39:41 UTC,1434,26.1000003815,47.9000015259,,,,
2019-06-21 06:40:44 UTC,1435,26.1000003815,48.0999984741,,,,
2019-06-21 06:41:46 UTC,1436,26.1000003815,48.2000007629,,,,
2019-06-21 06:42:49 UTC,1437,26.1000003815,47.7000007629,,,,
2019-06-21 06:43:51 UTC,1438,26.1000003815,48.0999984741,,,,
2019-06-21 06:44:53 UTC,1439,26.1000003815,48.0,,,,
2019-06-21 06:45:56 UTC,1440,26.1000003815,47.7000007629,,,,
2019-06-21 06:47:00 UTC,1441,26.1000003815,48.0,,,,
2019-06-21 06:48:02 UTC,1442,26.1000003815,48.0999984741,,,,
2019-06-21 06:49:06 UTC,1443,26.1000003815,47.9000015259,,,,
2019-06-21 06:50:09 UTC,1444,26.1000003815,47.0,,,,
2019-06-21 06:51:14 UTC,1445,26.1000003815,46.5999984741,,,,
2019-06-21 06:52:16 UTC,1446,26.1000003815,46.7000007629,,,,
2019-06-21 06:53:20 UTC,1447,26.2000007629,46.2000007629,,,,
2019-06-21 06:54:26 UTC,1448,26.2000007629,46.5999984741,,,,
2019-06-21 06:55:29 UTC,1449,26.2000007629,46.0999984741,,,,
2019-06-21 06:56:31 UTC,1450,26.2000007629,46.4000015259,,,,
2019-06-21 06:57:34 UTC,1451,26.2000007629,46.5,,,,
2019-06-21 06:58:37 UTC,1452,26.2000007629,45.9000015259,,,,
2019-06-21 06:59:40 UTC,1453,26.2000007629,45.7999992371,,,,
